id,name,category_id,price
319306020-8,Skipfire,48951-9017,37036.69
215667691-7,Skinder,43199-016,14952.59
751006667-0,Jaxbean,63621-354,16603.44
152339970-8,Npath,64205-126,29175.35
884800094-0,Roomm,50730-7993,30190.31
214832610-4,Rhynyx,58593-285,42703.15
140274088-3,Voonix,35356-932,20262.15
909574134-6,Thoughtbridge,63824-732,8485.38
713146352-3,Youspan,49348-307,27257.8
370622195-0,Browsecat,0363-1101,6126.16
562633304-5,Katz,68479-120,22999.23
350599401-4,Jaxspan,49715-012,8350.84
658174857-9,Meembee,0168-0279,17497.04
683114906-5,Quaxo,59746-334,2949.44
824201018-8,Janyx,44911-0082,13736.67
205959742-0,Teklist,58232-0752,27569.91
112567617-5,Mynte,30142-918,10774.65
440528591-8,Topdrive,63629-1528,10156.82
963580804-6,Skyndu,11822-0600,39514.32
409366674-1,Meetz,51672-5294,39901.44
314066271-8,Livetube,67046-720,4077.21
372533620-2,Babbleset,49349-738,1704.5
680367885-7,Meedoo,16252-506,1418.8
776307423-X,Dynava,49349-622,3853.1
007963832-5,Skinte,67457-239,24806.15
047375628-5,Wikivu,51143-962,26327.31
914941837-8,Blogspan,68084-311,10455.15
135600908-5,Kanoodle,52125-538,417.89
156439614-2,Tazzy,10812-836,2075.11
641390357-0,Voolith,54799-505,4409.32
633104177-X,Edgeify,53345-004,14861.93
287151859-9,Quinu,67405-825,1738.91
271039517-7,Riffpath,53499-1390,8169.44
827045007-3,Topiclounge,63717-870,38194.69
951740778-5,Devify,52125-156,15888.89
940897795-5,Oodoo,61589-5315,13849.22
233641453-8,Flashdog,58930-060,24780.06
157817377-9,Twinder,54868-6117,22515.21
016012243-0,Jamia,55154-1056,27847.78
157677567-4,Dynava,69083-101,11981.42
983385402-8,Roodel,58370-3001,1977.85
323898011-4,Gevee,68645-455,27371.58
679474183-0,Babbleblab,54868-4879,25784.2
521650050-2,Leexo,54973-3122,9687.58
415871421-4,Thoughtbeat,65977-5034,32701.57
710702398-5,Meedoo,55319-341,2468.26
755698357-9,Zooveo,51346-168,16732.73
662272779-1,Quaxo,60512-6998,24290.26
019731859-2,Voomm,51811-377,2890.19
312370274-X,Oloo,35356-839,2338.49
072618977-4,Twinte,36987-2555,33901.65
296406420-2,Jaxbean,13537-244,35323.56
097255076-3,Roomm,36987-3046,30937.05
424975720-X,Brainsphere,51079-879,17418.71
166475354-0,Eidel,0054-3721,17114.09
554742387-4,Jaxspan,57520-0164,26648.26
212084746-0,Feedbug,11822-0100,34448.61
513851532-2,Riffpath,10812-415,13201.59
852627170-9,Quire,63783-211,29441.75
011527391-3,Meejo,54868-6233,17837.27
932139290-4,Jatri,55154-9663,3335.29
158856540-8,Vitz,51414-300,32077.89
820831519-2,Jabberbean,68462-334,14225.7
088762508-8,Tekfly,24385-543,21759.85
929010839-8,Divanoodle,46994-327,14010.64
925596027-X,Gevee,63629-4462,14604.02
271321417-3,Izio,24571-108,7355.38
802747993-2,Avamba,13107-074,14542.25
743399334-7,Jaxworks,47682-200,14963.85
986612019-8,Photobug,55154-5366,27795.67
933319489-4,Demizz,36987-2408,41061.35
284253286-4,Mydeo,60681-1901,11431.22
311303660-7,Feednation,63739-571,17637.07
051700327-9,Brightbean,49035-370,31532.41
614300302-5,Izio,0363-0799,28708.3
561912680-3,Dynazzy,36000-007,19281.8
547026068-2,Devbug,43269-664,22417.54
073714030-5,Thoughtblab,55648-702,21522.62
166639424-6,Jaxspan,54868-5566,17334.63
018718801-7,Browseblab,54868-5216,36466.98
459056757-1,Roombo,37000-071,14008.1
655451224-1,Riffpedia,50436-6930,26427.7
407425187-6,Edgeclub,68196-300,38229.47
452500679-X,Latz,36987-3030,31785.41
588375697-2,Meetz,47682-915,28980.02
653256596-2,Demivee,0591-3704,5941.56
591358543-7,Wikido,59779-399,14926.46
942129544-7,Feedbug,67544-250,18428.95
328323234-2,Quire,0781-3001,8914.5
556105409-0,Twitterbeat,0597-0186,3536.68
779478380-1,Jazzy,21749-523,40753.24
928350361-9,Vidoo,98132-902,14232.79
899969229-9,Zoomdog,21695-994,8338.95
389602528-7,Skinte,36987-2934,12386.97
875378031-0,Fatz,33992-2000,4573.48
125359679-4,Photobug,0006-4963,18334.84
406408406-3,Mybuzz,65044-2017,12496.26
825230953-4,Wordify,66949-923,6588.01
654350401-3,Brightbean,21130-660,15562.77
627066719-4,Meezzy,63629-1501,28591.63
183440616-1,Thoughtstorm,24236-167,7787.72
583694639-6,Divape,36987-1436,32431.29
084786163-5,Zoonder,0054-0107,14099.41
594802051-7,Meembee,21695-193,36700.97
824022579-9,Tagopia,67046-111,24523.95
741368480-2,Gigashots,55910-800,30681.89
419801338-1,Feedbug,43455-0008,27940.69
578740959-0,Zoonder,52810-301,25292.92
447980326-2,Thoughtblab,51141-0070,24074.74
897344817-X,Riffwire,65862-403,21972.26
308279721-0,Jabbercube,0002-3227,7990.69
466945671-7,Thoughtblab,68180-286,42380.37
178078056-7,Thoughtbeat,63824-123,26398.21
168331961-3,Agimba,0264-7389,9170.5
571287911-5,Jabbercube,64679-776,24039.56
785156735-1,Avavee,55628-9155,40194.53
896694078-1,Realblab,36987-2114,6378.95
150106339-1,Cogibox,33261-349,42574.46
081472558-9,Eare,0615-1553,4396.92
341537743-1,BlogXS,55714-4501,32771.08
348216209-3,Twitternation,68220-089,41943.46
574336445-1,Dazzlesphere,63629-3371,31368.34
601380976-3,Rhycero,36987-3445,7907.1
951314307-4,Rooxo,16590-294,6593.76
894609157-6,Edgewire,53808-0828,12097.37
360608995-3,Flashdog,0603-3583,21284.42
538225014-6,Youfeed,13537-374,12677.65
354731363-5,Muxo,36987-1866,14064.92
110796223-4,Photobug,49288-0400,18546.15
369671994-3,Centidel,50436-6306,12344.78
535502508-0,Yata,54868-6137,34041.52
286213230-6,Blognation,68151-0017,15765.9
903268301-2,Flashspan,0093-2049,35218.33
684973888-7,Dazzlesphere,63824-348,1350.84
048325211-5,Skimia,10742-6752,15669.9
991109627-0,Thoughtbeat,0703-0113,31526.54
204603049-4,Einti,48951-1011,32622.66
836333969-5,Gigashots,46122-125,41374.95
728019655-1,Twitterwire,58414-3505,12414.66
625957075-9,Gigabox,53808-0618,4760.09
277776320-8,Twitterwire,36800-281,20448.13
525721919-0,Quinu,68151-2987,31405.32
059128474-X,Oyondu,50436-3995,36753.29
370436898-9,Podcat,49035-004,25841.81
431050521-X,Einti,59860-519,33182.01
999150672-1,Twimbo,21749-506,5840.86
127525070-X,Tagfeed,49288-0888,5539.27
647184970-2,Aimbu,10019-030,5178.78
826904341-9,Tagtune,48951-1164,40030.78
492827669-8,Dabvine,65862-620,32660.17
281971879-5,Brainlounge,41250-430,24699.84
430854624-9,Jabberbean,55154-4326,9721.63
210784872-6,Jamia,0517-1130,42191.38
790504386-X,Gevee,69174-126,16683.37
480139591-0,Blogpad,10096-0868,19726.57
348885499-X,Mynte,52685-393,15243.36
432160674-8,Realblab,68788-7365,35669.74
741679840-X,Innojam,68151-4633,7733.76
303201050-0,Wikizz,58411-233,29675.75
591478270-8,Trunyx,64942-1152,40006.71
034993702-8,Yata,48273-007,2893.89
910730035-2,Pixope,62670-8043,11520.74
166985747-6,Vidoo,30142-510,39468.68
305250946-2,Skiptube,0781-3101,36960.25
168635424-X,Skilith,65342-1377,4392.18
755732653-9,Thoughtstorm,68745-1046,19128.41
215452072-3,Rhyzio,11559-007,5133.34
254624547-3,Linkbridge,10544-023,16552.62
866279007-0,Thoughtbeat,0268-6694,24529.87
918095329-8,Zoomlounge,0781-1438,19542.3
748315169-2,Browsedrive,0338-0707,29756.46
423389191-2,Innojam,0603-0746,43146.02
239440091-9,Feednation,35356-905,17611.51
388122639-7,Pixoboo,43269-797,33818.49
459076173-4,Fatz,0536-1810,42197.74
685069594-0,Tazzy,0113-0469,22200.57
073842175-8,Cogilith,30142-140,19977.76
322755302-3,Topicblab,13107-021,40470.92
119890331-7,Thoughtbridge,15828-106,43078.86
532076895-8,Thoughtmix,55289-385,1538.68
389696375-9,Topicstorm,0019-1333,41449.78
503754960-4,Talane,42637-820,31768.36
406336599-9,Shufflebeat,43846-0007,35383.68
956787568-5,Wikivu,53329-905,7565.26
994147859-7,Browsecat,36800-359,40479.29
506773320-9,Thoughtmix,0268-1330,29185.74
020251127-8,Twimm,41167-0176,22780.92
204401898-5,Miboo,0069-8141,40279.99
975021528-1,Jabbertype,43353-690,37101.47
059087268-0,Vimbo,44738-4001,13586.63
908928065-0,Reallinks,55154-4782,23076.8
750349576-6,Voolith,0273-7005,40446.62
218784345-9,Quinu,68788-9098,40491.73
801553310-4,Mynte,63459-205,28059.19
234259382-1,Voonix,37000-616,12989.56
192431668-4,Riffpath,65862-607,405.56
467911299-9,Kaymbo,51672-2035,4337.52
927160886-0,Wikibox,0179-0105,42216.88
222966580-4,Npath,66435-108,6190.22
069773959-7,Gigazoom,63304-644,11845.85
011805137-7,Youspan,50268-726,42860.82
787853727-5,Chatterpoint,68382-422,40582.99
231421229-0,Divavu,54569-3394,19874.95
443544117-9,Pixoboo,51346-203,28313.26
783959618-5,Bluejam,54868-5269,16345.41
258745288-0,Ooba,64942-1188,1379.13
963592718-5,Yozio,52533-048,12758.07
896410685-7,Eayo,0904-1987,1701.77
377024425-7,Mita,44119-001,19566.57
573701420-7,Linklinks,36987-1915,5600.02
308388143-6,Ozu,49288-0163,7451.71
471756426-X,Kare,44523-604,12928.42
243366660-0,Kwilith,98132-175,15820.94
022634385-5,Vidoo,49288-0720,7338.3
596952676-2,Rhycero,55143-108,11001.59
793558815-5,Jetpulse,21130-415,37656.38
627101419-4,Gigabox,52685-327,23852.61
245520481-2,Wordpedia,42507-189,22957.4
297456999-4,Realblab,49738-695,10877.42
707814920-3,Thoughtsphere,52244-020,41507.72
976469475-6,Riffpedia,76126-028,12764.39
670983658-4,Gigabox,76270-108,36591.11
003682932-3,Meedoo,49738-217,42021.25
440485465-X,Gabvine,0052-0106,17719.95
990044412-4,Yambee,50051-0019,4464.9
653785036-3,Buzzshare,43857-0146,27825.03
265876227-5,Browsezoom,36987-1910,12720.13
378198465-6,Ntags,36800-273,6840.34
465052532-2,Voomm,50268-755,35759.14
029592151-X,Jazzy,42023-118,28396.01
272989844-1,Skilith,54569-1729,32396.91
361443312-9,Thoughtsphere,0591-2784,40521.49
659766465-5,Browsecat,64058-913,35946.98
314332481-3,BlogXS,58154-100,18983.43
047219001-6,Cogidoo,50436-9971,37071.6
953591314-X,Thoughtstorm,60512-6695,36199.17
960507280-7,Devcast,53808-0643,27756.93
424174250-5,Leenti,67544-870,26671.61
144254509-7,Gabtype,48951-1174,27055.78
217331556-0,Photobean,50436-8000,9400.0
896722103-7,Realmix,11822-0327,40589.18
586014948-4,Babbleopia,58118-0158,13654.54
750523982-1,Chatterpoint,63824-480,21078.06
975113818-3,Thoughtworks,48951-3078,38372.68
660998640-1,Trilia,0093-2046,16183.15
667524919-3,Livetube,43251-3361,17874.93
170115374-2,Bluejam,0591-0932,8582.26
478283746-1,Buzzdog,55312-103,26291.69
838142661-8,Wordtune,24236-736,41545.32
857016966-3,Photolist,52533-080,32420.16
158914988-2,Ntags,76472-1161,27139.83
680607808-7,Riffwire,0280-1121,13066.27
632602101-4,Twitternation,0603-0150,22215.66
543072661-3,Mita,58607-700,42669.86
774866018-2,Zoovu,0143-9935,30050.43
820676242-6,Zoomdog,42192-329,39739.05
537774435-7,Skimia,52584-115,21294.07
890893083-3,Rhynoodle,75830-002,30883.71
467396189-7,Skipfire,46122-135,14589.3
091101633-3,Realpoint,58980-818,20957.66
055397946-9,Mydeo,10157-4645,15447.98
803564657-5,Eayo,52125-039,13243.6
494544354-8,Babblestorm,43498-250,18437.38
364312742-1,Katz,10544-279,41565.4
296009777-7,Feedspan,49348-279,37296.0
236873074-5,Skiptube,76420-765,15530.3
181268129-1,Edgeclub,52904-468,22672.1
321122719-9,Devshare,42858-001,38106.34
828504634-6,Eidel,49738-897,25125.66
399840023-0,Flipopia,56062-517,4639.58
589006923-3,Gigashots,63323-012,27023.19
806347844-4,Blogtags,68151-5048,9503.45
817799422-0,Gabvine,52584-965,9717.31
686937269-1,Tanoodle,60432-129,25545.74
546207224-4,Zava,0093-5512,35928.05
820345517-4,Mybuzz,14290-377,30125.04
457779822-0,Skinix,14290-500,28474.64
163430072-6,Babbleopia,76234-000,29089.46
295064126-1,Meezzy,60760-464,32182.1
053516834-9,Mudo,68016-407,21462.03
123125186-7,Flipstorm,64376-130,40398.18
824159621-9,Skidoo,0536-3222,4254.18
887561846-1,Omba,49999-846,20385.55
914002234-X,Roombo,49288-0233,20886.73
792839934-2,Thoughtmix,0641-2965,35453.27
018425738-7,Edgewire,0031-8713,41144.08
725031218-9,Feedfire,68770-120,24966.85
114763117-4,Vidoo,0007-3236,15441.95
754578983-0,Dabtype,61957-1081,34592.44
734221494-9,Skinder,63629-3372,22648.16
926139601-1,Meembee,50563-162,30670.86
922779622-3,Agimba,21695-657,20869.75
456258239-1,Zoozzy,30142-733,12047.99
637728178-1,Yakijo,64893-495,24026.82
012133825-8,Agimba,36987-2932,32328.31
813352162-9,Jetpulse,98132-133,1390.39
044228405-5,Gabvine,21695-651,31852.26
046165619-1,Agivu,0430-0010,17322.73
012068292-3,Dynabox,47335-005,41797.33
307622489-1,Quimba,58118-0797,6300.99
028345325-7,Skyndu,68428-141,15204.85
916863168-5,Tagfeed,40032-161,38344.48
565076645-2,Blognation,0074-3455,28208.89
181642257-6,Meeveo,51079-893,27098.33
323877286-4,Mybuzz,59779-247,12688.59
600258030-1,Realbridge,66291-001,13701.76
194318195-0,Edgeclub,36987-1749,3537.75
103829342-1,Brainbox,0268-6726,7537.71
617343031-2,Thoughtstorm,0067-6346,33203.05
434326412-2,Yakitri,43419-025,23924.62
554879607-0,Yombu,13548-030,33030.97
720850044-4,Vinder,0268-1249,35261.93
783928373-X,Mynte,10144-427,21723.2
599264731-7,Rhybox,49349-923,4035.45
212314100-3,Cogibox,58892-347,38415.02
889200022-5,Yamia,0555-0606,21640.39
397188256-0,Realmix,63629-4355,29053.94
346922961-9,Youspan,11227-010,15088.85
972873892-7,Dynabox,0781-2265,34367.11
189009146-4,Topdrive,0043-6265,16638.14
493124976-0,Zoomzone,55154-5096,21814.04
262558693-1,Trupe,41520-434,27712.61
371719009-1,Flipstorm,0703-4685,15541.3
376216055-4,Yodo,31645-168,33173.32
011126536-3,Jayo,50844-185,1990.07
388128478-8,Thoughtmix,58118-1157,17668.18
356735355-1,Leexo,55312-615,35787.21
310842149-2,Topicware,0093-8947,4338.14
623254055-7,Mudo,40042-052,2027.58
614296582-6,Shufflester,55154-8295,23713.8
916300716-9,Yodo,33261-069,5481.69
540133762-0,Voonte,21130-664,37027.4
911802045-3,Centidel,63323-262,18344.1
616908984-9,Zazio,50813-0001,8603.49
657918043-9,Realcube,49288-0673,6971.56
572987004-3,Agimba,16781-379,11918.17
598209508-7,Brainlounge,49404-108,43426.33
523087258-6,Photospace,58468-0210,27580.64
305105300-7,Tagfeed,37205-155,26775.68
741343654-X,Lazzy,0781-5555,43129.48
624207654-3,Kaymbo,61786-018,19962.3
833847232-8,Bluezoom,63148-241,6925.03
282793932-0,Babblestorm,64942-1259,11352.83
216538751-5,Eire,68016-101,18698.95
200443529-1,Gabvine,0268-1367,15905.81
595683736-5,Skidoo,60505-2588,1114.1
298622433-4,Jaxbean,45865-373,8942.98
458553246-3,Jabberstorm,49349-176,23374.19
100256764-5,Skivee,36987-3233,33939.82
418235916-X,Wikizz,55154-1407,30168.98
074544631-0,Layo,0904-6272,9923.21
019546405-2,Oyoba,52685-368,29121.74
105136283-0,Jaxbean,41520-873,21212.07
828279110-5,Tagopia,0904-6016,22947.94
909286270-3,Minyx,11410-008,10355.13
224805815-2,Plambee,0555-0635,1584.07
720591406-X,Dynazzy,61995-2515,11682.71
582544731-8,BlogXS,63539-234,21827.68
223495612-9,Devcast,76329-1469,6993.6
839376387-8,Linktype,67457-227,1483.6
635940491-5,Camimbo,63323-326,35900.72
601478763-1,Yozio,59450-823,4691.76
427638056-1,Skipfire,67234-025,15825.75
305451566-4,Skalith,49288-0842,11509.43
933238465-7,Thoughtmix,0299-3928,14531.53
554090833-3,Photobug,61995-1106,7873.68
309046681-3,Avavee,36987-1955,24719.26
516076536-0,Plajo,98132-705,40527.65
129454589-2,Divanoodle,24478-210,839.14
345718911-0,Meezzy,51389-110,1132.3
610904007-X,Feednation,0703-4155,16667.09
782690670-9,Zooxo,13537-131,9113.15
695190167-8,Babblestorm,21130-477,15555.51
488809144-7,Kanoodle,69017-101,2522.51
964698508-4,Babbleblab,61919-585,22556.62
127203711-8,Pixope,62756-181,29453.9
342949496-6,Katz,36987-3249,18516.67
438656413-6,Meemm,10267-0836,18810.81
269856775-9,Zoomlounge,0363-8202,34620.13
474697096-3,Trunyx,36987-1407,22935.85
120550583-0,Oyope,50346-003,42196.92
883115346-3,Skivee,51060-041,16152.46
631065149-8,Eire,54868-2990,35080.01
833480731-7,Youopia,55741-424,34694.69
081610385-2,Zoonoodle,55154-3434,13451.4
449509747-4,Yakidoo,0409-7241,22199.46
832826085-9,Youspan,57955-1770,41761.0
505631400-5,Plajo,68210-1470,10463.86
812610449-X,Realpoint,59896-520,2692.47
229054243-1,Jabbertype,63539-5195,22225.16
845409921-2,Camimbo,42858-701,6958.33
168793894-6,Meembee,0713-0165,27955.94
559296026-3,Bluejam,0168-0522,2491.65
413224150-5,Voolia,43269-696,8377.18
423456986-0,Babbleblab,53489-387,14084.23
766720825-5,Meevee,42858-702,17442.26
709917424-X,Jabbertype,41250-089,1795.05
484903976-6,Dynava,0268-6603,487.91
048497527-7,Tanoodle,0641-6154,14261.78
883416969-7,Fadeo,0904-4040,17192.32
652466420-5,Yata,63323-382,12124.41
179709017-8,Shuffledrive,14783-039,7280.02
707514261-5,Edgeblab,54868-5058,26002.68
628669842-6,Browsecat,42924-002,39840.75
519327331-9,Trunyx,68308-505,20173.01
231399780-4,Tagopia,0781-5914,30006.25
026665239-5,Mymm,54868-0028,21858.47
540122225-4,Meevee,68084-804,17748.92
767822136-3,Zava,11023-001,2997.73
552357224-1,Vitz,11559-020,43050.26
008133160-6,Twitterwire,69082-500,14536.62
746274055-9,Izio,12830-717,43273.67
939258046-0,Flashset,64980-138,24569.83
980214917-9,Quimba,49852-164,17893.55
095390210-2,Dynazzy,68647-170,11075.33
756906979-X,Edgewire,58232-0742,23342.59
566953596-0,Rhycero,58411-118,13504.71
974995039-9,Yadel,49349-103,27948.23
878233661-X,Zoonder,59011-757,429.85
789122489-7,Eadel,52533-171,32633.66
764736087-6,Kimia,23667-000,13609.52
856164683-7,Dynava,61601-1116,36202.06
887121135-9,Devcast,59746-316,10833.28
572695193-X,Shuffledrive,64117-247,39909.81
616079776-X,Bubblemix,52862-002,33170.77
338760834-9,Lazz,52544-692,37055.58
414722207-2,Skimia,49967-369,2034.25
225993983-X,Eazzy,0517-3010,30795.11
653748544-4,InnoZ,35356-790,20264.76
246653871-7,Pixonyx,62839-0806,37284.22
076812019-5,Kwinu,37000-098,35286.99
406679614-1,Fivebridge,99207-525,41891.23
879078554-1,Avavee,49808-154,14924.2
917281425-X,Kanoodle,68180-182,7968.23
386499169-2,Edgeblab,43857-0243,38506.49
979336791-1,Flashdog,37000-733,16062.08
036775839-3,Meembee,51079-753,34857.76
888606755-0,Zooxo,0006-3919,42835.88
115431385-9,Skimia,57520-0100,2284.98
530055441-3,Skivee,54868-6338,35584.64
010629082-7,Jabbertype,68308-220,17314.82
029969811-4,Edgewire,68786-160,2599.75
992253866-0,Yakitri,59779-399,37262.67
841016596-1,InnoZ,60840-0200,22103.15
141497047-1,Browsetype,0270-1315,2211.87
695645218-9,Innotype,41520-101,16833.15
390397091-3,Feednation,65903-171,4678.53
286614490-2,Ntags,49288-0083,18234.3
294056597-X,Fadeo,35000-868,33668.88
043251089-3,Eadel,55301-533,21396.59
606874813-8,Yakitri,64893-481,25792.49
350011858-5,Jaxworks,49738-959,9810.75
298101240-1,Ainyx,0409-2267,25492.0
202909832-9,Quimba,0703-5747,25898.07
357355080-0,Browsezoom,60512-6033,13019.45
562025542-5,Trudoo,61016-0001,31107.35
542880245-6,Mynte,52747-711,23865.23
306383678-8,Tazz,65044-3713,4680.69
849649880-8,Gigabox,68788-9079,15732.56
657336511-9,Youfeed,60899-010,7642.79
035545753-9,Edgeclub,59779-597,6436.52
351896329-5,Meevee,66908-106,32056.93
275512229-3,Oba,0904-5779,2384.71
770399426-X,Leexo,54473-175,26855.36
326937210-8,Livetube,76159-001,42623.81
082195169-6,Zoomlounge,0904-6204,25756.21
209546526-1,Meeveo,68745-1022,27187.98
466763680-7,Fivechat,65862-009,12356.71
360217676-2,Kimia,36987-1190,6678.23
989983458-0,Tazz,68745-1046,3193.85
960971979-1,Wikizz,21695-448,17104.16
374461993-1,Yacero,63323-311,11486.45
034043697-2,Topdrive,0039-0052,30738.8
461255258-X,Skilith,52125-711,14040.47
203639559-7,Divanoodle,0378-6161,41214.4
436228036-7,Bubblebox,0904-6232,4927.75
493987222-X,Realcube,76250-995,19731.6
380095618-7,Babbleset,55714-2303,25645.02
071676852-6,Zoombeat,68462-113,3772.65
812344482-6,Dynazzy,53808-0516,39896.64
062502260-2,Aimbo,56062-065,31326.25
213391772-1,Devcast,64942-1158,4894.61
331541885-3,Lajo,49852-181,10494.15
735894445-3,Yacero,58394-004,15585.43
488091887-3,Meezzy,54868-6272,17894.99
735228534-2,Tagchat,12745-144,6333.66
471371335-X,Roomm,52959-994,16697.85
488529001-5,Cogidoo,54162-019,9591.33
191930944-6,Geba,17630-2001,21614.68
033982246-5,Muxo,67938-0993,5799.58
330840246-7,Oyoba,11822-1770,17169.23
153940175-8,InnoZ,55312-994,39593.37
307446106-3,Dazzlesphere,10019-029,8923.68
492014152-1,Flipopia,36987-1574,9780.25
907653742-9,Zoombeat,0093-8204,514.32
550175040-6,Oyonder,23155-136,41589.94
020176166-1,Yabox,0363-0392,8060.4
766677312-9,LiveZ,68788-9711,42341.15
732123035-X,Katz,64117-221,35397.99
914830013-6,Skyvu,55289-924,13451.52
637712206-3,Zoonoodle,36987-2724,18657.83
253317060-7,Quinu,68391-213,13843.71
850969994-1,Tagcat,55700-023,41866.24
083086058-4,Brightbean,23710-006,26012.08
821088754-8,Layo,76237-289,5745.4
542255682-8,Eimbee,43063-403,6423.56
926383395-8,Kanoodle,48951-9004,36987.18
104745611-7,Youspan,41520-163,18819.69
394517653-0,Wikibox,49781-047,3572.48
947079523-7,Eimbee,49348-119,20519.21
330654666-6,Meejo,51346-120,10770.26
424749737-5,Voonyx,63148-320,33065.13
886792991-7,Talane,59779-901,7752.74
984737695-6,Topicstorm,55154-1951,5134.15
783055165-0,Livefish,68084-051,18427.03
827985867-9,Trudeo,68001-210,15215.23
859935712-3,Topicshots,63776-415,34818.98
671995175-0,Pixoboo,51660-352,15544.27
220439702-4,Devbug,49349-401,2517.2
538532405-1,Fliptune,54868-0023,40067.64
619543937-1,Tagchat,55154-4518,8401.13
032302535-8,Jabbercube,64679-977,16930.79
681551194-4,Twitterbeat,64117-288,8101.27
276491163-7,Ozu,10191-1562,22591.85
399740748-7,Jetwire,36987-2350,7991.76
738004830-9,Linkbridge,44911-0015,24157.9
866793171-3,Leexo,52584-035,41366.64
609139107-0,Meedoo,0067-6239,14020.18
893001083-0,Quatz,16714-041,26508.11
618484294-3,Dynava,10812-429,13597.45
459227117-3,Fadeo,41520-379,25924.6
732912216-5,Vidoo,64203-020,32750.43
680002717-0,Meevee,0781-2191,29001.05
093201684-7,Voomm,63304-699,25246.41
479067757-5,Jamia,43199-012,19064.18
614579788-6,Meejo,98132-667,660.18
544893036-0,Blogspan,57664-273,7161.35
194043978-7,Skimia,34690-9001,835.13
574879371-7,Voonix,48951-4095,7763.95
485567840-6,Eidel,51830-023,33107.4
235037630-3,Katz,41250-031,25800.73
465373632-4,Ooba,60429-276,42590.68
903678849-8,Fliptune,44911-0054,28939.57
684979735-2,Kimia,42291-685,36956.48
584044227-5,Gabcube,0115-1470,10303.17
849484628-0,Photofeed,36987-3248,1475.47
587783330-8,Voolith,67510-0055,37137.84
821943277-2,Aimbu,0781-3367,5746.04
414195086-6,Buzzster,25021-116,34863.39
999965462-2,Devshare,68258-7095,32886.52
636732581-6,Skippad,57237-035,8034.79
789456380-3,Yata,49708-153,25921.13
566769572-3,Plambee,0093-0787,5420.91
542238742-2,Yodoo,68788-9778,37580.45
896034611-X,Pixoboo,0168-0111,2396.34
793542388-1,Blognation,76173-1007,1227.25
068973257-0,Meeveo,41163-003,3705.88
097540811-9,Voolith,0093-5215,29064.27
570592076-8,Eazzy,0574-0246,35761.98
689860590-9,Twiyo,65862-626,25144.73
086773220-2,Trunyx,43063-173,28049.58
362616135-8,Mybuzz,37012-526,6353.6
816332951-3,Demizz,16175-0001,3974.89
512611764-5,Skajo,56062-974,16162.71
943083591-2,Katz,44087-1114,38261.76
851333193-7,Katz,0555-9012,30691.48
614736189-9,Kwimbee,60809-166,4768.11
234923885-7,Skyba,0904-6372,25008.42
753678181-4,Cogilith,33261-903,18014.25
951760827-6,Jaxnation,40085-888,34883.91
983291035-8,Youspan,0004-0381,36817.86
884221246-6,Gabspot,66579-0078,9877.71
923420408-5,Camido,37012-667,12285.58
176846554-1,Vidoo,10893-620,15465.26
610350791-X,Ainyx,55154-1682,24319.17
906628401-3,Dynazzy,63629-4801,40909.84
841448181-7,Cogidoo,75944-100,2231.11
015006574-4,Meedoo,13537-417,22776.14
841651339-2,Edgeblab,49884-222,25395.49
371195914-8,Jaxworks,54569-0289,39897.34
533605413-5,Feedbug,53329-140,41538.69
039953116-5,Realfire,68084-277,41889.66
302732784-4,Oyoyo,54569-3403,40302.88
757394184-6,Tavu,54569-0355,11349.9
049415985-5,Buzzster,49035-699,23302.88
605754714-4,Twitterbridge,42507-666,12606.08
729036774-X,Browsebug,68428-143,21840.2
251577457-1,Quamba,54868-3109,36618.53
752479168-2,Leenti,76237-195,20549.19
249252501-5,Babblestorm,41163-375,12360.62
453532567-7,Meeveo,11822-1773,42154.86
689691736-9,Eire,0703-5140,33614.04
820933771-8,Voonix,0703-5051,6052.91
960970860-9,Miboo,37000-323,30408.69
817019695-7,Zoomzone,17856-5725,23224.2
325763447-1,Babblestorm,60505-0823,12687.81
904449852-5,Zoovu,60564-0001,4796.87
285017163-8,Meedoo,63459-390,10088.8
385511880-9,Divanoodle,54575-315,33075.86
342871752-X,Mudo,21695-146,13842.82
513778230-0,Yodoo,43353-792,30085.97
721268863-0,Zooxo,16729-002,14045.28
613606052-3,Yombu,50563-138,6228.55
369085873-9,Myworks,59779-574,17383.98
419834140-0,Quatz,60505-0142,42090.74
819361448-8,Yata,17433-9882,9797.41
683373339-2,Tambee,55670-815,10573.28
885441555-3,Cogidoo,59779-514,17725.15
175517182-X,Photobug,0143-1257,11030.06
907231093-4,Oyope,0409-2988,8028.47
902457475-7,Mydeo,51393-7333,14803.03
569670681-9,Gigabox,76237-258,13264.79
733447061-3,Kimia,68428-033,40539.83
424176887-3,Tanoodle,76509-152,37485.58
817667626-8,Muxo,49817-0046,24474.88
512709098-8,Meevee,68400-135,26952.81
346289124-3,Skimia,0485-0204,7738.27
441427595-4,Trilith,13537-260,38206.48
009407601-4,Twitterbeat,55289-110,2112.21
398058155-1,Realpoint,60905-0021,13371.0
705559801-X,Ntag,51069-0001,22210.45
144640712-8,Pixonyx,0378-1800,25770.28
942717220-7,Geba,54868-5962,32469.65
522700905-8,Innojam,57237-025,29351.43
960847172-9,Gabtype,59779-125,26337.87
736886235-2,Fatz,24385-201,30642.75
324336770-0,Zoombeat,60760-428,6072.2
061961679-2,Thoughtsphere,0113-0154,43485.43
870452171-4,Voomm,45014-136,42679.48
294216561-8,Pixonyx,22840-0035,3074.45
137926650-5,Npath,66993-405,21703.83
944230399-6,Topdrive,60951-735,35739.45
718267842-X,InnoZ,59779-931,40773.92
523057191-8,Devshare,0703-0051,1456.93
440394174-5,Roodel,33261-100,2901.0
673272231-X,Livetube,63739-119,22511.8
849666818-5,Dynazzy,63304-347,33481.77
122129750-3,Voonix,49638-001,17142.19
646039795-3,Aimbo,76053-003,18151.12
529447786-6,Livetube,29300-243,18920.72
801322947-5,Blogspan,68428-737,28069.8
284213771-X,Leenti,55154-4770,6853.17
586151939-0,Realcube,49349-612,25657.94
425278192-2,Shuffledrive,17238-192,39157.07
099975007-0,Skibox,63354-300,35735.51
262708328-7,Roombo,61919-592,43154.32
351978251-0,Chatterpoint,52125-054,11010.66
834861511-3,Youspan,0378-4791,19501.09
085950575-8,Mynte,64117-968,12280.95
987230263-4,Meembee,63868-938,37735.8
805262550-5,Oodoo,65044-5052,12194.4
347714964-5,Voolia,68788-9660,5706.38
986296025-6,Muxo,54295-302,31266.77
365542932-0,Jaxnation,49884-734,28795.7
458719076-4,Oyoloo,21695-267,29877.68
085157877-2,Realpoint,0591-3699,2176.87
380919817-X,Fadeo,0143-9726,21729.96
941407649-2,Gabtype,59779-188,695.76
388665035-9,Feednation,64249-0002,23552.97
149570475-0,Twinte,33261-819,3234.6
590820351-3,Wikizz,67457-259,43042.6
175753464-4,Cogibox,41163-427,26702.58
611958928-7,Meejo,62908-012,402.76
552905214-2,Realpoint,66213-423,23213.43
196908203-8,Janyx,16590-097,28691.87
353589805-6,Lajo,48951-3154,14968.77
038783563-6,Realcube,50458-587,35031.4
789674376-0,Meetz,50580-501,19706.23
628882984-6,Tagpad,49643-437,16920.71
090594049-0,Rhyzio,24794-100,9883.76
439240474-9,Wordpedia,10019-957,27751.78
452915000-3,Dazzlesphere,53009-2001,4889.84
256572669-4,Lazz,41163-902,19300.88
852429633-X,Bluejam,68016-020,21401.96
154191653-0,DabZ,0591-2611,16815.72
435928169-2,Teklist,60512-6582,41715.68
405442373-6,Browsecat,0603-4654,13623.86
214095476-9,Miboo,50436-3959,23734.04
024810425-X,Eabox,70253-326,36329.73
185959264-3,Meembee,48951-8009,17458.59
051838512-4,Browsecat,54575-227,38313.75
681412780-6,Twinder,68016-156,36615.8
726149609-X,Myworks,52125-787,38692.1
305053721-3,Thoughtbeat,55154-6626,10544.71
280915065-6,Bubblebox,59779-035,24739.29
978662280-4,Brainsphere,56136-002,39645.03
282931504-9,Fanoodle,0456-1512,29933.92
830300236-8,Thoughtstorm,0942-6320,14836.91
462854383-6,Tagopia,0525-6752,8354.24
883812206-7,Minyx,55133-050,26578.73
634399376-2,DabZ,68726-169,1358.52
574277073-1,Tagfeed,49349-101,20429.07
319808362-1,Zoombox,0591-3354,30066.93
719364350-9,Fanoodle,0904-5379,34113.92
491673103-4,Youspan,61786-012,5187.31
548776761-0,Jabbersphere,58118-8943,14296.79
688178100-8,Riffpedia,58737-102,10025.75
503968642-0,Vimbo,48951-3061,37937.84
493884958-5,Avamba,64406-804,38384.2
341949589-7,Riffpath,44738-5001,15232.43
470805721-0,Babbleblab,13630-0055,32364.14
635927110-9,Meevee,63629-4664,26751.1
885314855-1,Yotz,68788-9096,37048.43
892904975-3,Linkbridge,0268-6300,41876.4
080061715-0,Vimbo,0338-5002,28315.83
572383280-8,Babbleopia,0409-3590,2327.99
032724415-1,Eare,50268-728,19503.32
071400523-1,Avamba,49817-0082,35234.12
347127388-3,Flipstorm,43063-428,24122.11
660348205-3,Jamia,54868-5883,36196.73
056644374-0,Youfeed,0179-0105,33207.55
201795806-9,Mynte,10927-103,5850.31
632403842-4,Tagchat,36987-2121,15330.63
097492473-3,Browsezoom,54868-6299,27032.75
928439727-8,Flashdog,55154-2706,16739.85
499259038-1,Twitterwire,68084-346,9746.44
191891319-6,Gabtype,49999-873,19656.92
083071451-0,Skimia,21130-402,16640.92
151600508-2,Twitternation,0378-5575,29763.52
493687838-3,Kwimbee,10742-8291,10994.63
682267854-9,Skivee,31722-239,16146.81
386539260-1,Agimba,14537-408,21188.76
109707266-5,Kimia,63629-4771,36364.06
362067374-8,Rhynoodle,16590-077,39838.12
242507100-8,Rhynoodle,76214-031,43101.39
365601923-1,Realblab,0069-4210,28823.2
230556581-X,Feednation,63304-165,14875.82
135739195-1,Youfeed,55154-6626,43230.92
539471724-9,Flipstorm,43857-0038,16765.37
177182912-5,Buzzshare,16590-129,20862.02
848196494-8,Divape,65862-162,28195.64
980019090-2,Zoonder,69124-001,6841.68
705635855-1,Gabcube,0378-0503,39053.7
337240296-0,Brainsphere,54868-4867,17989.6
576978040-1,Twinder,57337-052,5286.69
087694581-7,Meejo,50844-622,29745.01
511143797-5,Yabox,51672-4023,17615.03
170050250-6,Topicblab,68599-2306,24325.34
957594946-3,Lazz,0078-0366,2803.05
133832842-5,Skiptube,30142-404,23018.61
507912385-0,Mynte,24385-430,7231.76
877586560-2,Avaveo,63981-130,29927.94
639931133-0,Ozu,61734-091,38373.86
291917750-8,Twimm,57664-361,30750.19
345869173-1,Jabberstorm,48951-1202,19957.07
954959318-5,Zoonder,55154-9379,4512.07
724306174-5,Realbuzz,57520-0453,25895.72
330215666-9,Gabtune,0615-5579,7538.93
147552717-9,Kwimbee,68084-054,28720.32
226461230-4,Camido,61722-001,26633.09
668671648-0,Gigaclub,49973-244,16001.55
894668672-3,Eimbee,54868-6279,37519.72
702900560-0,Twitterwire,62750-016,19422.87
179780542-8,Aimbu,63868-752,20390.39
726759326-7,Skippad,52125-957,34445.28
391141002-6,Oyonder,0363-1101,18572.34
424442194-7,Oyondu,67510-0054,6370.3
922310899-3,Tazzy,68428-063,8951.7
561665863-4,Dabvine,65862-699,22929.79
871720056-3,Vidoo,30142-080,24876.95
956105637-2,Vimbo,0430-3030,17810.05
318824047-3,Realblab,0409-1892,24314.47
190022726-6,Brainbox,52389-117,22764.57
061605883-7,Yacero,45802-032,40405.28
300572862-5,Quinu,16714-501,17366.59
784929787-3,Browsecat,52125-896,35733.78
054442707-6,Realcube,51068-503,10567.51
010622397-6,Blogpad,43269-659,37643.68
153034509-X,Kwilith,43063-418,42291.53
255775672-5,Jabberstorm,30142-907,20854.66
286025844-2,Flipopia,10210-0011,5910.29
850813000-7,Ntags,43353-947,26503.04
166645004-9,Ozu,41250-740,29615.17
775817984-3,Tekfly,76329-6300,9742.82
716291424-1,Jamia,68387-550,1121.84
538031631-X,Trudoo,36987-1896,21645.35
512263517-X,Devcast,10191-1573,41453.27
804551509-0,Skajo,0113-0299,7046.03
606440402-7,Skynoodle,50845-0086,31289.94
752853902-3,Dynava,10742-8080,34999.71
357530990-6,Abata,0378-6021,16272.74
653325945-8,Trudeo,50153-110,28442.08
931984212-4,Kayveo,50154-5000,26887.6
638172114-6,Zazio,0591-2607,14944.87
183230393-4,Aimbu,10202-416,25038.07
374965924-9,Browsezoom,63824-323,25962.76
352092426-9,Voomm,59958-201,41424.87
605910224-7,Skalith,21695-946,11763.62
228238782-1,Blogspan,54473-239,3281.26
991179749-X,Gabspot,11822-2102,14885.13
367386941-8,Miboo,43063-478,5892.92
296223597-2,Kazio,16590-135,13368.36
657071238-1,Skalith,55111-565,22849.66
722983475-9,Tazz,42507-955,35860.77
985696981-6,Photojam,10812-839,25479.03
692206445-3,Zoombox,65044-1630,18126.82
213635489-2,Mynte,68382-209,24441.92
500313266-2,Teklist,49348-561,15716.39
048063373-8,Edgepulse,11822-0028,17848.05
080967479-3,Meejo,0555-0382,10634.8
271821665-4,Shufflester,0065-4013,20674.32
486470028-1,Buzzdog,0268-6526,6917.82
424274425-0,Babblestorm,50685-002,2936.88
210256465-7,Realbuzz,63736-410,13067.67
565105634-3,Geba,52959-892,14367.09
170133733-9,Ntags,68016-200,38647.11
107705150-6,Dabshots,37000-142,32367.01
401515618-8,Roodel,14783-442,18682.44
795039420-X,Gabcube,68472-087,42982.88
831578051-4,Quatz,37000-225,7770.7
251466623-6,Zoomdog,68472-094,26009.88
380164520-7,Wordify,62756-187,39654.29
661936769-0,Snaptags,54868-3713,37017.96
783331237-1,Youtags,62818-102,7088.47
182985636-7,Browsezoom,49349-584,7680.54
611165973-1,Wikizz,98132-743,17884.51
915487483-1,Skibox,36987-3224,3114.91
089991830-1,Divavu,17089-386,41192.34
350895711-X,Topiclounge,50021-236,2734.77
964898983-4,Twinder,36987-3403,10937.83
723126541-3,Jaxbean,50346-004,40429.18
741200349-6,Bluezoom,60432-150,27872.63
917276804-5,Skynoodle,21695-448,27314.27
789590510-4,Photojam,42254-103,34545.17
692479023-2,Wordware,0067-2086,40436.95
367288894-X,Kazio,65162-679,16541.5
385305667-9,Zazio,49884-111,12027.75
391803322-8,Yamia,54569-5800,17387.03
477204820-0,Skipfire,54879-004,32232.88
748986158-6,Skiba,0178-0832,27923.39
655433415-7,Twinte,47335-670,5673.07
803133020-4,InnoZ,57520-0663,30324.59
907450593-7,Topicstorm,67938-0964,2159.11
081595168-X,Jatri,47781-267,9295.95
513016505-5,Minyx,57955-2010,25392.37
315478181-1,Agimba,55714-2244,40052.63
555421879-2,Youtags,54157-105,21108.28
366901432-2,Katz,59915-4001,35528.25
346906575-6,Skyndu,61715-058,24625.06
420541486-2,Realpoint,52233-005,401.84
347795413-0,Abatz,67938-0950,41648.56
796324717-0,Katz,50241-143,5744.01
086986680-X,Dabtype,49035-386,35784.11
076845483-2,Cogidoo,60505-2649,2908.49
118725038-4,Browseblab,36800-345,26090.23
465009330-9,Vimbo,47219-204,19617.95
183831384-2,Linkbridge,50844-519,43475.91
278037910-3,Skivee,63843-487,29058.06
407463052-4,Nlounge,55154-0880,9518.73
106711097-6,Yakitri,62670-4761,42824.85
792129344-1,Skiptube,55289-066,11955.77
343890511-6,Yamia,42192-108,37142.79
510265096-3,Buzzbean,68151-4243,41360.65
631545886-6,Browsecat,0498-0800,26392.52
202918421-7,Jabbertype,0268-1152,29888.95
834476117-4,Riffwire,0363-0521,36834.22
626142064-5,Trunyx,49349-848,4700.66
995673892-1,Zooveo,0131-1810,38790.06
608784488-0,Minyx,48951-9005,10664.55
280139138-7,Myworks,65121-100,36665.48
533163834-1,Blogspan,10812-439,36891.18
809782089-7,Trilia,50405-009,24333.06
093555241-3,Rooxo,59713-001,24763.66
613417310-X,Meedoo,0409-4203,40774.58
347469582-7,Divavu,24236-777,2012.31
363610813-1,Centidel,54868-4425,14775.22
514938336-8,Realcube,43269-901,21569.54
413434739-4,Eamia,53203-101,6876.86
914646771-8,Flashdog,13537-204,33245.28
720789818-5,Zooxo,0555-9032,8390.45
243310728-8,Ailane,0268-6549,21714.23
502712741-3,Talane,55648-154,30883.83
965968187-9,Browsezoom,11084-704,7648.71
186051816-8,Plajo,51191-2016,30058.4
649913150-4,Devshare,59535-7401,31503.69
254348813-8,Wordtune,64942-1276,30471.5
694767631-2,Wordpedia,64117-157,10247.17
304651472-7,Talane,30142-012,24881.6
223738410-X,Roombo,52993-110,22132.99
723135448-3,Thoughtbeat,51079-386,8798.18
754597760-2,Wikibox,16590-545,40523.5
582400740-3,Tambee,36987-2417,25251.6
226055556-X,Skipfire,0472-0117,32813.09
272400441-8,Roodel,54868-4819,25692.62
589458778-6,Oodoo,67475-114,28157.0
570480040-8,Dablist,65044-0547,24797.48
482988164-X,Flashdog,0378-6993,14953.63
531556671-4,Trupe,41520-250,14117.4
339971322-3,Realfire,68382-019,23490.53
561049497-4,Skyble,51672-1274,35318.29
355730817-0,Reallinks,51824-012,20933.34
573064943-6,Blogspan,68084-125,23522.9
720567207-4,Avaveo,37012-098,6968.63
553960512-8,Tekfly,43353-856,39802.16
641296560-2,Trupe,63739-059,34158.83
143608992-1,Flipbug,68572-3004,32213.43
113237600-9,Meevee,55714-1115,19699.81
735671730-1,Oloo,53462-594,12751.83
747353369-X,Thoughtsphere,66582-323,5119.68
120848157-6,Dazzlesphere,0378-6103,37038.2
865941086-6,Abata,41163-622,22394.7
181589347-8,Yadel,49999-699,16883.77
505997043-4,Voomm,37205-742,4337.28
186393639-4,Trupe,50580-813,5985.96
301661387-5,Meevee,68084-624,37270.78
974834871-7,Kazio,33261-648,7785.11
274928290-X,Avaveo,61957-1002,8506.5
789762089-1,Quimba,58420-002,18372.29
488397690-4,Eazzy,17089-299,11436.44
609359366-5,Kwideo,49349-615,33122.8
947954331-1,Lajo,41250-039,33671.28
433409616-6,Livetube,50988-450,1951.68
743158957-3,Trilith,47682-139,14280.03
524457038-2,Shufflebeat,48951-6029,32393.51
860899477-1,Tagchat,13537-077,8836.55
759546884-1,Jaxspan,50387-300,41215.93
158141301-7,Skyble,63739-495,38332.22
564391580-4,Voonder,63629-2937,39360.72
981907907-1,Kwimbee,58875-101,23045.5
852820614-9,Zoomdog,49288-0397,28324.95
655880774-2,Cogidoo,0268-6763,10496.64
799632113-2,Einti,68327-037,18374.88
641567912-0,Youfeed,43378-100,26843.89
580347623-4,Meejo,49643-334,14543.94
010672562-9,Jaxnation,54973-3172,10125.74
271504996-X,Feedspan,36987-1058,13082.58
507498650-8,Dabvine,55316-664,14453.05
995918029-8,Mynte,37012-407,15412.98
533727624-7,Photobug,62670-4761,492.04
036960416-4,Plajo,31774-1018,4149.61
340239179-1,Mydeo,47593-503,7100.52
828143339-6,Skibox,68084-356,23650.7
340707308-9,Janyx,66780-212,19611.05
821018312-5,Devpulse,0093-0840,25866.12
818594136-X,Abatz,42549-586,4594.78
031918355-6,Zava,54973-2965,30205.73
420110841-4,Jayo,0268-1248,16225.45
083617226-4,Yodel,65044-0612,10624.47
196139298-4,Skinte,49580-3416,27750.82
425236940-1,Divape,60505-0065,6060.04
694043598-0,Photobug,62011-0186,12603.88
891436249-3,Devpulse,11410-106,32219.39
664731611-6,Skidoo,54868-5861,13774.24
086226579-7,Podcat,55111-257,15078.09
279672074-8,Skivee,15310-090,24669.46
692637873-8,Gabvine,64616-038,26072.29
689546400-X,Skidoo,0378-1352,11651.98
722062497-2,Demizz,49527-718,42278.74
062492140-9,Flashspan,44087-3388,16351.67
853119047-9,Kwimbee,37012-213,20087.14
129150665-9,Leenti,64272-736,9289.04
091156318-0,Fatz,42806-263,15043.72
214826375-7,Aimbu,30142-352,42580.57
852687953-7,Dynava,53808-0261,5062.82
569845441-8,Divavu,49035-532,19423.13
713359812-4,Flashset,55301-941,20752.26
614593858-7,Eire,48102-007,40379.54
630934530-3,Realpoint,0781-9338,16873.64
258245012-X,Gigabox,55289-606,19266.1
367150338-6,Blogtag,36987-3176,26473.19
408807852-7,Linkbuzz,36987-1210,20344.49
058123611-4,Aimbu,59779-626,39197.53
003462615-8,Abata,0143-9868,9812.72
992902467-0,Kaymbo,61159-000,6937.15
852931474-3,Minyx,0054-0252,18092.68
802151786-7,Blogtags,50563-115,25407.18
554539532-6,Brainverse,64942-1183,3705.87
981341524-X,Nlounge,65386-0001,35267.8
715955745-X,Wikizz,49349-206,4742.24
605738241-2,Skiba,17089-311,25896.81
139886718-7,LiveZ,48951-2053,41651.0
771635842-1,Meejo,54146-0001,6468.75
001096396-0,Feedspan,21695-873,5994.39
289554995-8,Jaxnation,36987-2415,37888.29
551312780-6,Realblab,36987-2774,1525.0
276801004-9,Shuffledrive,49035-339,39790.02
951355868-1,Fivespan,55310-001,8368.39
210287102-9,Katz,41520-612,11940.38
747455483-6,Minyx,49999-505,23365.1
265722692-2,Kimia,44076-012,2285.07
459589343-4,Yodel,54868-4338,27158.81
296343615-7,Jaloo,55648-447,43259.15
410141510-2,Oloo,68382-341,2833.08
390400800-5,Dabfeed,54569-5917,30695.83
363759490-0,Topdrive,37000-613,2778.56
917166478-5,Avaveo,49371-020,32178.06
677354828-4,Dynabox,0703-5075,16289.78
304841755-9,Photojam,60429-353,15807.3
398200767-4,Kimia,10631-331,10083.23
840433304-1,Shufflester,0009-5135,15964.54
739793712-8,Kayveo,59779-484,9363.25
365391246-6,Livepath,48951-1075,10643.96
004970843-0,Gevee,51393-4001,10072.78
549522043-9,Trudoo,17856-3188,25214.83
715575350-5,Voomm,50845-0053,3645.48
734950983-9,Voolia,30142-218,15374.24
156922920-1,Wordtune,55758-008,41975.91
902711589-3,Skilith,21695-188,42137.87
021470554-4,Divape,46123-015,5200.63
879915235-5,Jayo,57627-170,29161.89
