SWID	BIRTH_DT	GENDER_CD
0001BDD9-EABF-4D0D-81BD-D9EABFCD0D7D	8-Apr-84	F
00071AA7-86D2-4EB9-871A-A786D27EB9BA	7-Feb-88	F
00071B7D-31AF-4D85-871B-7D31AFFD852E	22-Oct-64	F
0007967E-F188-4598-9C7C-E64390482CFB	1-Jun-66	M
000B90B2-92DC-4A7A-8B90-B292DC9A7A71	13-Jun-84	M
000C1856-994E-476B-8C18-56994E676B29	29-Dec-80	U
000F36E5-9891-4098-9B69-CEE78483B653	24-Mar-85	F
00102F3F-061C-4212-9F91-1254F9D6E39F	1-Nov-91	F
0010C6F2-8C04-450E-90C6-F28C04B50E97	20-Jun-02	U
0011C945-28C4-4D6F-B1E6-6CA7EFC14548	13-Nov-87	F
001704E0-6CD8-429A-8E0A-89024019CA6A	10-Jul-91	M
001720A4-44E3-43F0-BA8F-2F2E0D7B6275	8-Nov-90	M
001834AA-7451-49EA-B0E4-ED4A71C97AD1	21-Feb-88	M
0018B3DA-4763-460A-B67E-1D5168E4DEB6	21-Apr-02	U
00193DB8-1FE8-440B-8217-BAA2AA5FDD64	31-Jul-70	M
001AFDA9-18D4-4FE8-B4F1-ADD932E0ACB2	16-Jan-81	U
001BFE35-555B-48E1-9ED3-A4BE7677C36C	16-Feb-82	M
001F01F3-11D8-470D-BF34-EA95941E525F	11-Dec-00	F
001F59ED-88C4-4BDC-B90F-2C17AE4A7422	2-Feb-97	U
001F604A-6CA8-45B0-BC56-50800092DF74	29-Jun-88	M
0020446F-975A-4854-B007-B9A7506AA976	20-Jun-91	F
00222A1D-4D9E-489F-ADA3-F28F5B6408AE	11-May-76	F
00229E92-894D-48F5-88BF-812EB4215E29	1-Jul-60	F
0023787E-A7BC-4DEB-A2E6-397BC1C20355	8-Nov-59	F
00240276-1021-4D61-8628-36AE345D8E83	28-Apr-90	M
0027226E-688F-432A-B91A-E10D1DB27CF6	17-Nov-81	M
00277C39-7033-46D2-A77C-397033B6D236	13-Jul-89	U
002974DC-5D3A-4F64-879E-6A9D28A3F421	15-Apr-55	F
002A53AD-3E72-4E72-B8AF-8EBCC7EA84DE	10-Dec-79	M
002A7C6A-E6C0-4760-9493-4B9BB2D0079E	12-Sep-80	F
002D38E9-ACC6-40CD-B0AF-E205FE7F0AE3	5-Mar-58	U
002FF013-AB8F-4FE8-AE3E-EF19A8E0603D	10-Apr-48	U
002FF3AD-A960-4B19-B037-3E4284092F9B	24-Oct-85	F
0033E5A9-878A-48D7-B65A-F1495F4D60A6	10-Nov-89	F
00347AAC-88E2-4016-8D33-9D4AD985A2D2	17-Sep-88	F
0035CFF3-C980-4CE6-AA7B-DB871422545F	1-Nov-60	U
0035FC8F-911D-40C3-832C-61B701A5B6A7	6-Aug-86	M
00367F81-A361-4441-AC03-4D2FF64A4E71	6-May-85	M
00383010-3615-11D4-820C-00A0C9E58E2D	10-Jan-76	M
00393215-4155-4B1C-A7A2-3E84A8ECDBCC	3-Mar-80	F
003E3300-8395-4031-8CF6-34DC480C4A51	21-Dec-82	M
00408C37-8A9A-4D15-808C-378A9A5D15BC	1-Sep-02	U
004171A7-7FDD-487E-A205-300B47240595	25-Apr-85	F
0041F4E3-ED8D-4DDC-A23B-2D8DD18192E9	4-Sep-97	U
0044AF02-16EC-42B0-96DD-52679773A9D6	17-Jul-06	U
0044FFF2-C154-41A5-B6F2-897D56592C98	26-Sep-89	M
004524A8-F0AB-4C1F-B8D6-A6A525B6C11E	5-Jan-74	U
00470FC8-6F37-4483-BA16-280229C85D4F	13-Aug-73	M
00479E53-2D08-41C0-A796-872953F92532	16-Nov-01	U
00482E68-F7FC-4CC3-A8FF-939B4F8F2B2E	21-Aug-55	F
0048B9F1-D5B2-4ECD-9F11-B3D29A77ADA0	2-Feb-94	M
004DC8E4-6EE9-40F9-B156-3BC91D64DA70	5-Jul-86	F
004DF293-85A7-4E65-BDCD-D421C4C2FE3E	29-Aug-84	F
004F8E4B-CF8B-4976-B721-5DBD98EC2D8B	5-Nov-81	F
004FB6AC-DC81-4B1C-8FB6-ACDC81DB1C0E	24-May-73	U
004FFF16-10AE-4C61-9259-FFB050068A42	7-Dec-84	M
005189FE-6A78-4192-9189-FE6A78C192BD	2-May-61	U
0051A341-CB7B-41C7-A5CB-FF2EF4ECE76E	23-Aug-84	M
0055B23A-E773-4BF8-9033-2CE65E65AF5A	27-May-93	M
0055C954-A685-4A3D-BF82-8EFF3BCDED63	7-Sep-85	M
005AEB29-BAE4-44BF-8FC0-9552E8455131	28-Jan-72	U
005B55BF-0115-49A4-ADF0-7BB33675F87D	1-Feb-90	M
005DCFAD-32A0-4FD7-B11E-FF80B9B0D2E0	26-Dec-52	F
00602BB0-1026-4888-BBFC-820ED7D7DC52	1-Nov-86	U
0060C436-B1ED-421B-8BD6-C11CD66E1E92	23-Feb-81	M
0060CD52-4C30-46B4-8F56-87BF83063414	21-Oct-88	M
006251DE-ADC4-4BC9-B82B-CD4901E6DBD8	1-Mar-86	M
00656481-4D19-429C-B2B0-CA8343BFA775	8-Jan-87	M
006E1225-1B92-4750-8662-504D42C03A40	17-May-01	F
006E4AFF-222A-4FE9-AE4A-FF222A0FE9A5	15-Jul-82	M
0070711E-13E9-458E-B05E-10B8EAFD6F65	17-Oct-87	M
0071087C-9C41-4350-87AC-B405AF470258	12-May-72	M
0073498D-48D4-4C3E-A806-62E3527444D3	1-Aug-90	F
00743D57-C3AB-416E-9791-67C925BC743D	16-Sep-92	F
0075F603-7EF5-4970-8978-0D04B930AADB	2-Apr-80	F
00785DEC-9089-4CCA-8406-7898002FE203	13-Sep-80	M
00795E02-940A-4915-A11C-401A954E0988	17-Mar-74	U
007A076B-B83C-475B-B1BA-89F8A54E1A08	25-Jan-61	F
007A9FCA-43E7-4E7B-A9D8-6617192EAF5A	23-Feb-80	M
007B48F7-57B7-431C-9B86-529BA7E45630	9-Oct-90	M
007B5DC2-A890-440E-993B-6FEF51859B86	29-Jul-92	F
00818E6D-2E49-4B63-BF60-52CBD9C1070E	25-Dec-79	U
0082AA65-5ABF-4733-8FFA-EB44672402AF	8-Feb-77	M
0082F73A-9274-4DB3-8B44-F41550DE5B91	1-Jun-88	M
0082F8E3-5903-4256-B2C4-3816AB41BDDF	21-Mar-72	M
0083241A-F665-4F1F-8518-5963CDC3E58A	30-Mar-85	M
00839AB1-AC85-4EF6-9E11-BC53F3E5EDAB	23-Aug-49	F
00883A1F-55AB-46B6-AE66-B984DC55D6DD	28-Dec-80	M
0088EDB2-AA32-4BE3-996E-C9643C5C56E4	28-Apr-69	M
008AF174-F7ED-479D-A582-024AF908C614	27-Sep-87	M
008C765D-1C0F-4C1D-9F63-62F90CCA75E1	22-Mar-94	U
008CA531-CA84-46C9-8CA5-31CA8496C9F4	26-Aug-65	F
0091C61A-C48A-47E1-91C6-1AC48AC7E15E	21-Oct-86	U
00924812-C701-46EC-AAE1-23AC199004E3	7-Jan-89	F
0094AA43-F3EB-46C9-82F0-C7664F565865	9-Feb-96	F
00954E5B-6D87-480F-9AE4-E8FB103EE8B2	7-Sep-89	F
009723B0-50A8-4E79-ABFC-23D89C21F090	8-Oct-72	U
009B0543-56D9-4A52-9F0B-5708FD897526	9-Aug-90	M
009C0C19-A239-4137-9C0C-19A2396137B5	12-Nov-76	F
009D9636-58C3-46EA-8743-B6D5BC7D3057	21-Feb-72	M
009E832B-C941-42E5-9D35-F387B5B256D0	18-May-72	U
009FE19B-AFFE-4C13-9FE1-9BAFFE3C13E2	24-May-57	U
00A00ECE-4EBC-4C8C-A00E-CE4EBCFC8CAD	28-Oct-91	U
00A0851F-165A-45D8-AEE4-F1DC1AE51C31	30-Jul-62	F
00A1468D-5EF2-45BC-A416-6AE169CC168B	27-Apr-91	F
00A24E84-57D5-40DF-B492-5F054639E4F7	14-Oct-43	M
00A2D081-E63F-466A-9102-7345D77FAA48	19-Dec-90	M
00A34186-A414-4557-A65E-9728B69F1CD7	21-Oct-51	M
00A59CDC-1017-4276-9AFB-3FB288BBFC22	21-May-85	M
00A6904C-EA60-4EA4-9CE5-F24DC3285FC3	6-Aug-84	F
00A6C504-FCDF-4A0F-A102-D49CD082B861	1-May-83	M
00A89879-1696-44B5-8B6E-77BDCF7AB446	29-Jan-77	M
00AA6EC8-4C58-4BEA-8E0B-7C6ECE5965ED	21-Nov-88	M
00AB8CB8-9FC4-4943-B294-6311573A5B74	22-Jun-08	M
00ABD23C-18B8-489E-BDB9-91E916D5D9AA	30-Jul-83	M
00AE2836-75AC-469D-A103-7DBA66734621	16-Oct-85	F
00B02F40-7C15-43DA-A415-A80CC1A30197	27-Dec-91	F
00B4F5B5-5F44-43F1-B5B2-12D98869F008	8-Dec-88	M
00B63E04-8A3A-42EB-9752-0E90A0322AF7	25-Apr-85	M
00B660E7-625C-40EA-B712-C36B5F55835B	13-Aug-84	F
00B7443B-8756-4508-83EE-296521DC2E9F	1-May-76	M
00B7E78C-11F4-4C6C-995E-FD30C60D4540	8-May-85	M
00C0430C-3F3E-44C0-BDA3-05D2C382474F	8-Mar-91	M
00C661C8-3987-47F4-8DB5-C60423BD12C8	1-Oct-90	U
00C6FF62-2D8A-4565-B9D0-625B37CC498B	8-Mar-67	F
00CB1BFC-23F8-42A1-9CD4-FDD9D768E0EB	6-Sep-83	U
00CEFFDA-934D-45BA-BAE6-193B29A0EA32	28-Nov-78	F
00CF6D56-D221-418C-A579-6056AF2ECA52	12-Nov-72	U
00CF76E4-648F-463D-85C7-15943B7CEEB7	8-Oct-89	F
00CFE167-B4D2-4F8C-93D1-C3A5B5C8FF73	25-Oct-93	U
00D1DB94-4DC5-482D-9EF0-C3032F677FB5	12-Aug-91	F
00D26FF1-AE8B-4908-83B7-7DC2155F2A9E	23-Jul-82	M
00D2D5B8-15AB-4200-B45E-CD532F72F310	11-Jan-74	F
00D4FFEE-942F-48D0-9A68-D6C3CD025F28	23-Aug-90	M
00D559B2-1E6C-4B97-B368-8258AE4A632A	27-Nov-85	F
00D9D810-BECD-42D1-9F63-6C2DF13D733C	24-Jun-60	F
00DBCCB6-1D4D-4413-832B-CC45984149F4	3-Oct-75	M
00DC3CB3-59DE-4C93-8F4C-517AFB15043C	20-Dec-73	M
00DEC777-FAE8-46D0-99D6-EBF3FB1D9C45	19-Aug-65	M
00E0BE83-ACAA-4083-BC13-91F703EE709A	23-Jul-79	F
00E1B3BA-C634-4810-A438-A9E1614A833F	2-Feb-90	U
00E1D83B-1657-49D4-8DBF-2F709BC6012A	2-Jan-71	U
00E2420E-9990-4457-8125-43CD95289AF4	18-Jan-89	M
00E50AC4-4274-4F99-98D7-AD8AA257507E	21-Aug-68	M
00E5C414-CCDA-4630-B4D0-17225B216911	8-Jun-87	M
00E908FC-A122-46FC-99E5-CBC7AD767FC1	14-Oct-96	M
00EA567D-580E-479C-B032-69130082F074		U
00EA697F-CED3-4161-AA69-7FCED3616179	22-May-71	F
00F06C27-7917-4BB4-A6FA-15D82AC67E44	21-Aug-88	M
00F0A093-59FD-427E-8660-4104A50403E9	12-Nov-80	F
00F28DA2-250F-49AA-B959-982EA3BEC6F1	27-Aug-77	M
00F35A56-F1DA-46A8-BDF6-A32EA21EF14B	20-Nov-89	F
00F4BD4D-7B02-465E-B4BD-4D7B02665E95	9-Dec-89	U
00F51D60-9589-43D1-BA72-E0F73FA06EC0	14-May-88	F
00F7571B-8639-486E-A6ED-E6960FB858E6	25-Apr-81	M
00FA4E48-74D7-4231-B27D-92019C72226C	11-Jan-90	F
00FB2E95-1B2B-4662-BB2E-951B2BE6622E	6-Feb-99	U
00FC64BB-FC8C-4384-8709-ABB25EFC3050	1-Jun-84	F
01027140-8861-426B-9140-4366356339CE	20-Aug-70	F
0105DAA9-B363-4AE4-B405-BED907C0F437	7-May-96	M
0106710F-84B3-47AA-955D-EF4D694DD9CE	13-May-89	F
01068DBE-1F61-45B7-B8DB-4398CACF5AB1	29-Sep-91	M
0108787A-615A-49DA-A6AE-C86A10BC3382	21-Aug-71	F
010924F0-525D-45CF-9C04-E388E3071FB9	15-Jun-71	F
01093BF7-7390-4191-8334-5209B1AD007E	14-May-66	M
010A9ECE-E99F-4908-A982-70B569AED2A3	30-Jun-93	F
010E1D8A-338A-4CA8-A6E5-7159D100CB3E	10-Jun-88	U
010FE3B0-183B-440F-8FB9-5B9EC010EB4C	21-Sep-83	M
0110316B-4268-4B5C-9031-6B42684B5CA7	20-Apr-90	F
011059EA-295D-41CD-9326-8CB3B05859CB	28-Dec-88	M
01121274-7B9E-4684-9212-747B9E068490	10-Dec-99	U
01134F0A-0217-43AC-A978-8175EA34CBB1	18-Apr-73	M
0116B183-0DF4-4EFC-B730-F0589813489F	21-Dec-92	M
011924A2-A5E7-4077-9BB9-932F7EEBF4D0	17-Jun-56	U
011C4DCF-0173-4FA5-9C4D-CF01735FA545	15-May-75	U
011D5B1A-E1F8-4AEA-913F-D6392B0B00BC	13-Feb-89	M
011E7CEC-A24A-4E22-8779-F77B2CCA3A00	1-Apr-79	M
01227A48-2B36-4CA2-AFA8-E63B59601C57	14-Oct-74	U
0126A2F8-6D7C-42B1-8F22-B2B588E06958	7-Oct-76	F
01297332-DB71-406C-A683-9B4097FC1736	16-Jul-65	U
0129AE89-49CD-447C-BBE0-23DC5F966FFA	8-May-70	U
012A086A-73E7-4B8B-AFB0-91A279FE924A	30-Sep-87	M
012B665C-6A3C-4303-8161-E2D925669712	20-Jan-78	U
012EAFBE-81C8-416F-BB3D-D740226FD37E	24-Sep-92	F
013156C3-A444-4FDE-A1D6-14456F0AA76C	28-Feb-84	F
013287B9-437C-42DB-82C3-0A8774CAF8A2	2-May-83	M
01335AFB-6387-4B3C-B35A-FB63874B3C39	7-Jun-97	U
01352935-5512-4600-A081-87A2CEC8B57D	4-Jun-83	F
0135EC58-7C8C-4C9E-992C-A70A3ED24C50	19-Nov-81	M
013652C7-EE5E-4E33-B5A5-C4B082ADD751	12-Oct-54	F
01367ED5-DCC7-49A1-9A84-1058DE36FB43	2-Jan-99	U
01377A7B-01F0-496C-88CD-4935F17B31BA	11-Oct-60	M
01398EE0-FBAA-41C4-8F2D-F76B0ED252C8	8-Apr-88	M
013A329F-A4EA-4D29-81AC-BE00E54F9D07	28-Feb-71	F
013CCDFC-3BE8-445B-9797-DCD382C71862	27-Apr-74	F
013EDEAC-1520-4784-AFA3-C7270D2497C9	9-Feb-74	F
0141DE24-A7F7-44F1-8712-9141AEBB5CC7	24-Oct-62	F
0143820F-5AA3-44BD-9428-1284136E827B	28-Mar-85	M
014622A8-E279-4F5D-8616-D8664075756F	23-Dec-86	U
01468998-7901-4141-9962-963D81A77B0E	19-Jan-65	U
01495415-5638-447D-AB8F-BF4701214623	18-Oct-82	U
014B1362-74F9-4D26-A1CC-0581E93C5217	22-Apr-80	F
014B48B8-36AB-4B82-9CA7-FD281B1BDA28	21-Sep-86	M
014D3EEC-F092-43B8-8D3E-ECF09273B8F4	13-May-93	F
014E8844-C55C-4341-8E88-44C55C4341CD	16-Oct-01	U
0150C56E-F939-4F25-9934-7AE5E85B8FAB	4-Nov-91	F
0150FB82-D2D7-4CE2-A859-C34B8059142B	24-Dec-82	F
0151B671-E3F5-473A-96A5-D7F48E34FA12	22-Jan-54	M
01597CAE-66C8-461E-997C-AE66C8261EB8	1-Jan-80	U
0159E23E-DDFA-4431-BFFE-851C40E647A8	19-Sep-80	M
015A2C45-BE21-4849-BCBE-4A655A233462	23-Apr-80	M
015B8F82-ABBF-4D2A-8D2B-798B20FF7836	2-Apr-86	M
015CB734-0873-45E3-AA5E-1A2E6BC6390E	12-Jan-87	F
01608F4F-1FC6-444C-A6C8-73D37AB25E8A	1-Apr-87	M
0160E264-B369-40B8-A0E2-64B369F0B8C3	25-Dec-88	F
01610C8E-682C-4389-9134-00DA01A66BB5	27-Aug-85	F
01630085-2D56-4BCD-A300-852D56ABCD3E	1-May-73	F
0165B0A7-81C8-41D2-B9A7-22476A99B75E	5-Dec-59	M
0165E196-C1EF-44EA-9EDB-F0F6F2395A9A	29-Dec-97	F
0166F3E6-BBAB-4CC8-8F55-1A73C1F90A38	2-Sep-91	U
01681DD5-22AB-4CD7-A81D-D522AB0CD76C	22-Feb-92	U
0168A71B-B0A5-47CC-8D8E-B4A48ABD2A5B	16-Jul-79	M
016B729A-3B8B-417B-8D2A-3381AF61EB87	24-Apr-80	M
016DFE35-332F-4733-ADFE-35332F873387	16-Mar-90	F
016E6002-B15F-4769-8387-55BD9260E952	18-Dec-86	M
016E7F70-8175-4DE2-B7B5-5000F3247C0B	7-Mar-72	M
01734C73-B893-4B83-B1E0-5D687FC79D03	11-Sep-89	M
017745BF-27A4-4BE2-B8C5-1D5CFDACC178	18-Mar-80	M
017785D1-A35D-476C-B785-D1A35DA76C00	11-Nov-90	F
0177BA0D-6474-4F5D-A14F-FB40A67874EC	21-Jan-88	M
0177EBF2-5378-42DD-9986-52A523F6AF16	13-Feb-62	M
017AAE9F-2D1E-4466-82E1-EF2F3E724E2D	5-Sep-85	M
017B1C6D-5A68-4874-A3D7-380530A44EF0	3-Jan-91	U
017D97B8-2EA0-4D06-B1BD-091E47746F85	30-Jul-81	M
017E3BBD-7F1E-40E9-BC38-9BAE8F7B39F7	13-May-67	U
017F0E31-EB3E-40DD-90F1-B8CDB7816F87	23-May-90	U
017F7CEA-F91C-4A1C-9F41-9AB8BD590057	22-Mar-80	M
017F8F52-1E22-48D2-B13E-8FCDE9B02523	28-May-82	U
01802646-9B1A-45B2-B5E7-FAC1DBE271F6	27-Sep-82	F
01851958-2A1F-4007-8519-582A1FB007C1	13-Jun-91	F
01884881-4A2B-416C-ACBF-68AFD211119F	1-Mar-75	M
018C4466-E8D3-4C18-81E4-EF01D55BB387	6-Sep-84	U
018E4CCE-F987-4562-8CB8-E30EF162A43E	11-Jan-86	M
018F8518-577D-48FE-B435-0B19BF687558	15-Jul-83	U
0191CA6F-A12B-4AFC-B48D-06729C36EFED	18-Mar-71	F
0192DB6F-55A5-4C1F-92DB-6F55A5BC1F87	18-Nov-70	U
019326B8-7F21-4392-90A9-FCC7536763EC	14-May-63	F
0193685B-81ED-409D-B824-699F810B509A	2-Feb-77	M
0193ECDA-97DF-4921-BE7A-268BB202EE37	21-Jun-88	F
01946997-315E-4876-9AB1-3BB6962C6DD5	27-Jan-87	M
01951BB3-0B2C-4DEC-951B-B30B2CADEC95	15-Apr-88	F
01990FA6-62F7-4459-9ED6-56C64B62FA84	14-Apr-81	M
0199B706-6606-4E57-BDCC-C849DA59CB9C	22-May-74	F
019D4BF6-48CC-4DF5-93E4-D4D59B0B68D5	17-May-68	M
01A1B45D-6C12-479C-817B-6279AE9AFCAB	29-Aug-71	U
01A1C030-98AC-445E-B535-BF6D8CAAE190	1-Aug-58	U
01A1EEBE-D440-440A-88CE-B3328836A254	27-May-83	M
01AB3F49-B35C-47BB-AC07-876F0F4FAF1B	10-Mar-88	M
01ABEADD-96DA-45B6-94A2-BFE3C125E1EB	21-Mar-76	U
01ABED8A-E906-4EBE-ABED-8AE9069EBEDD	16-Nov-82	F
01B0D760-0587-455F-AADD-2B624BA71EEB	9-Aug-90	F
01B15459-258E-4D04-AA35-2F1CAE591FAA	21-Feb-81	M
01B2DFC3-DC04-49D8-92F7-D2FEBD354686	1-Jun-87	M
01B5CC56-61C6-4053-B5CC-5661C6605319	28-Feb-85	F
01B687E0-C904-4D6D-93E7-482DB3B21064	25-Mar-58	U
01B76A58-CDB4-41A7-92C4-071B09E50D28	14-Jun-89	M
01BAD1C7-D187-44B7-A002-A2888286C654	24-Aug-78	F
01BBE26C-4526-42A3-8588-F968A51A2065		U
01BDC257-8A03-459D-861E-5454BCD1E778	2-Jun-84	M
01BE9B97-95B6-4E4E-A2DA-B9471920CEDF	5-Aug-91	U
01C1F831-6014-4F20-B475-5DAE367364C1	12-Oct-80	U
01C35564-94CF-42C1-AE9C-43FF7A260E36	29-Feb-84	M
01C64D3C-8578-4A20-82D8-5FECCD854AF2	6-Apr-88	F
01C779AA-9315-46EB-8779-AA9315D6EB26	9-Mar-68	F
01CAC057-F382-4260-A41C-5E6F82A2BD7E	18-Jul-86	M
01CF4EA6-B855-4612-9361-35081B414244	27-Aug-86	F
01CFE810-05C2-4578-87FE-64C12E7A4C38	30-Apr-89	M
01D04BC9-C5FB-4B7B-904B-C9C5FB9B7B2D	18-Jul-51	U
01D0BDD8-0966-4E53-A922-2215BAAE9655	17-Jul-66	F
01D1D89A-F7A0-11D1-A2EA-000092A73D9F	7-Oct-87	F
01D2F374-1358-46A7-A40E-1BBD338A8AE3	3-Sep-77	M
01D37E10-CB54-43C8-A0DD-F5F1F28E026D	17-Feb-50	U
01D3BC52-D33C-43F8-BCCF-18D18C9E3FDE	11-Mar-87	M
01D4513B-5C0F-4896-BBB4-C54F7616BC65	9-Nov-96	F
01D4FD3B-B716-4CDE-B44B-B0ABE35616B2	16-Sep-93	U
01D56647-8211-4BBE-BBCD-172ABA60356D	2-Aug-86	M
01D690F3-3AB1-405F-9690-F33AB1005F36	4-Jun-85	U
01D72A9E-6D2A-47E8-AA40-CB8493EE1236	1-Jun-93	M
01D72BCA-5F69-4E8F-AA9E-6976DE0A4018	2-Nov-86	M
01DA18F7-DDEB-48B9-B13F-178BFD6B0818	5-Apr-86	M
01DA82E0-0CC3-4658-BDA3-0B6B5958600E	9-Dec-90	F
01DB1D35-D8A3-42FC-9B1D-35D8A392FC60	15-Aug-70	F
01DFDFFE-CE39-48E6-9924-3D6E6C647D9C	31-Jan-71	M
01DFF435-29E1-47B5-A378-32ACA858BC4D	20-Apr-79	F
01E13713-A132-4FC0-A61E-C722C8D30BE0	2-Sep-94	M
01E232F3-1C27-4F36-8CFA-D164EF2CEE72	22-Jan-70	M
01E329AE-D304-4B7B-A133-DA612B667D14	7-Dec-99	U
01EA26CE-D637-4F15-AA26-CED637DF1583	9-Jul-90	F
01EB3507-D552-436A-A507-7B33A5E76ADB	20-Dec-77	F
01ECF39E-9576-4A5F-BBF5-44A228B191AC	9-Oct-89	U
01EE9000-116A-48BD-A0EE-7CD44C56F6C5	27-Mar-92	F
01EF6463-A5F0-4A3A-937C-5E7A936D2E3D	2-Apr-95	F
01EF8A0C-A920-4BAE-BD2D-39F0C5380EFB	26-Apr-80	M
01F086DF-98D1-4A21-ACA8-B82FD1D80FFA	10-Oct-96	F
01F10529-6760-43E7-BE6D-D0F8BD137259	1-Jan-57	M
01F16282-B8B8-4910-8C8A-953EAEC92E1B	16-Mar-67	U
01F2B8CC-F63F-4ED6-8244-EDBEE7680358	22-Mar-75	U
01F2D28F-088E-4AE4-B2D2-8F088E4AE431	14-Aug-84	U
01F511D1-F5BC-49E4-8ED8-E6706AD4AD53	18-Mar-71	F
01F57C41-8FCB-49E7-BB37-C9B3B449984C	14-Nov-63	M
01F7EAB4-DD5F-4BF5-84B5-F93EFD0BB6EE	20-Feb-75	M
01F81FD4-1BBF-456A-93B9-620F601F7F89	5-Mar-90	F
01F8EABD-4ED4-488C-AC05-390E75C2CF43	25-Jul-81	M
01F9C96D-5AFD-4A0D-997F-1936F2A77BB2	27-May-77	U
01FE7174-356C-47BF-B71A-409F295C16CC	20-Jun-89	M
02010C0C-CCD8-43EC-9FC9-0F6422AAC5C5	14-Jan-93	U
0205F2EA-C455-44ED-85F2-EAC45574ED32	20-Mar-03	U
02068B4F-9DCE-4AD8-868B-4F9DCE7AD868	9-Jun-06	U
0207B118-E538-48C9-B029-096BAD14C079	8-Jan-55	F
0207BA37-C966-4DAC-B206-7F75C515DFE5	28-Jul-86	M
0208EFB0-E764-40A4-952F-60DA4E1CEC3B	31-Mar-92	F
020C9F11-715F-4ADB-A580-0F3293EB3C30	8-Sep-54	U
020CA466-8440-11D4-820C-00A0C9E58E2D	23-Oct-45	M
020D9DE4-3B3D-4F57-BC21-9A39D545FE94	6-Jun-81	F
020F58D6-0F99-46C4-8073-88DFBD064F13	14-Aug-72	U
021120CE-38A8-4BA1-A430-A68E582F5A95	9-Sep-94	M
021142E6-1924-4B63-82B9-E08447EBE2C9	25-May-75	M
0211B340-5938-4AED-BF51-9AF81110B44B	1-Apr-82	M
0212CEE5-9457-4A4A-A5D2-405AC79B3C2D	3-Sep-85	M
021C18C3-FDDC-4717-9A98-5603C4794D38	14-Aug-62	U
021DCA46-F400-4616-81A4-422360B1EF73	6-Jan-75	M
022327E1-FED4-4B00-A54B-C0947B1C097A	22-Sep-87	M
0224E4F7-06FD-490F-BEA7-AF459F118425	21-Jul-81	U
02254B5F-3B79-4DCA-9B86-6B4C3C0EC969	6-Mar-79	M
02262D19-C81D-4951-A62D-19C81DE9515E	23-Aug-83	U
0226D235-5F69-4426-923B-264B0E9CFDE2	18-Aug-90	M
0228FDA9-F4C2-4CB7-A8FD-A9F4C2ACB7D3	5-May-03	U
022B4CA4-B5C8-49E9-9275-64B36F756F6A	29-May-82	M
022FA2F6-2BA3-40EF-992F-D1FFA79E0315	23-Oct-75	M
02311506-7FF7-4B58-9F02-177BCF6225BF	28-Jan-92	M
02315D7D-B88B-4C07-91B8-86B57EB677E1	29-Aug-84	F
02377A71-887E-4C16-82DA-69DB66124AB1	21-Jan-92	M
023C20E8-40C7-43AF-BC20-E840C7D3AF22	9-Jun-66	U
023E7663-F503-4542-9AFF-05FD0A617064	19-Feb-03	U
02400A48-D912-4203-AF52-A53054CC0553	28-Jul-54	F
0243D685-71CA-4577-AE97-504973800C8B	8-Aug-72	M
024676FF-57B6-4755-9AF8-2DF06BA9432E	1-Nov-63	U
024726EF-DE38-488F-BE2D-B732F1121EFC	14-Jul-88	M
0247D106-4379-449E-94FB-31DC58640BBE	3-Aug-00	U
024840AC-157B-4D25-817D-A607534F7FF2	29-Jun-68	U
024849CB-BDC3-4AC2-A3B9-EBCA8F2FC80A	20-Feb-63	M
024AABC8-1318-4652-A4D9-4B4845A011A4	29-Oct-89	M
024B1DFD-332C-4345-BF6D-D2CA276D68E4	7-Oct-88	M
024B8751-92BC-4367-9209-C861803FC091	23-Sep-82	M
024BFCAA-FEF1-40E4-B681-63214C0D4D9F	31-Jan-83	M
024E36BE-ECD1-4C36-8E36-BEECD10C367A	29-Sep-93	F
024F0889-8490-4CF1-8CA0-346EF576DB37	15-Apr-94	U
024F1EEE-E39D-423F-8E9A-B4A76947DD0B	2-May-88	F
024F617F-BDFC-4EFA-AA4F-49FCF8382D4F	19-Apr-66	U
024F9FE1-CCEB-499C-97EB-6916C2429249	23-Apr-79	M
02529B26-0F41-495E-929B-260F41E95EC8	2-Nov-88	U
02564B0D-5A2A-4C77-B14C-E9EFE18382B0	26-Apr-85	M
0258CEA1-2625-11D1-B50B-00A0C9111034	23-Jul-74	M
025973EB-445A-4B8C-A562-3727D2F980A9	23-Aug-51	F
0259F93D-0134-4FED-BF4C-FE7E8DD43898	17-Sep-86	U
025A5E1F-1B8F-4306-A4B5-8E7A73984E80	7-Jan-81	M
025BD46D-66D4-4304-870D-28FA413D10DC	11-Sep-89	M
025FB5AD-B8DD-45E2-9FB5-ADB8DD95E242	12-May-59	F
025FC2BE-F011-4E5D-9FC2-BEF011EE5D59	19-Jun-95	F
0263389E-315E-4FE2-805B-C402B25C8071	18-Aug-80	M
02664D5F-492A-489D-A646-9A04DF5FB846	16-Jul-77	F
0267E788-E1A0-47DF-93EA-2F0F737ACC79	9-Sep-92	M
0268024C-8FDB-4FB3-A517-3F1F5087015F	1-Jun-87	M
026ED6AE-C58A-495C-BF83-394B901EB427	15-Mar-93	U
02704382-A72C-4E98-833F-0E54F9A80321	21-Jun-80	M
0271BAF6-D068-4E55-8DD9-922294E8F8F2	8-Jun-85	F
02721BA0-AD7B-4B6C-86E7-24F1EDB52568	11-Dec-92	F
02772609-9494-43DF-B726-09949463DF22	15-Jul-88	F
0279F325-E442-492C-90B7-807FDE418FA6	29-Jul-87	M
027A8DB0-C6E1-40CD-9A7D-699B7C4C340A	24-Jul-92	M
027E393E-9D66-4647-BE39-3E9D6636474B	23-Oct-85	F
027E9529-29FE-4E20-A98C-743EC06AC079	2-Dec-80	F
027ED242-6A8F-434C-8AFC-BBD509339B7C	3-Feb-86	F
027EE4A9-5429-485B-BEE4-A95429F85BE6	4-May-61	F
02829105-5C61-413B-B38E-75DF6BA0B252	10-Aug-93	M
02829263-8C51-41E9-94AB-091FE40EC99C	18-Jan-81	U
028305EF-6EC0-4B24-A4A2-7ADBEF03015E	4-Jun-85	M
028351E8-3290-4754-BFB5-4EBF03EA54ED	28-Feb-73	M
02843EF8-4DC0-4427-843E-F84DC06427D3	2-Feb-97	F
02851DD4-5C27-4ACA-BC2B-66248BE37A20	1-Nov-56	U
02858082-E999-4D36-A23B-B6D514354024	26-Feb-89	M
028631A1-4973-42A0-AF3E-2A132F241FB2	5-May-64	F
0286639C-601D-4EBC-AA35-BBADC7E97AD8	20-Nov-51	M
028703F2-38E9-4572-8703-F238E9C5724F	20-May-86	F
02890BBB-AAF1-435D-8E0C-FB9C7BFC5DBB	26-Feb-70	F
028AC458-6962-4E08-8D22-60D0965305DC	22-May-88	F
028EBB3A-250A-4530-9462-C51426DDC4B2	17-Aug-86	M
028EF8AF-7B46-46FA-8996-0073A0C80278	28-Dec-02	F
0290F0EC-47A5-4BFF-8D29-EB902F35A3EF	17-Dec-67	F
02934181-B505-440A-9341-81B505140A63	22-Jun-77	F
02937DE1-9FFD-4E25-9808-BD05C3D1E7FC	31-Mar-64	F
02947A98-8784-41FF-BDB0-83CDA0EA8E0F	10-Jul-84	M
0294DBF7-5AA9-4F5D-94DB-F75AA91F5D91	23-Sep-84	F
0295C564-9032-4EB7-B3D8-D6D2C84A2FE6	12-Jan-65	M
029742E2-C422-47A5-908D-4EBBE14207FA	4-Jun-85	M
029892B6-D683-49F3-86A1-F8A708D251CC	2-Apr-84	M
02990F09-345B-477F-B05B-09AD2F777CC7	4-Jan-82	M
029AFE92-95DF-4D40-9BB5-3D47E8E63F69	18-Aug-51	F
029CDB1E-E3AD-4AC2-A416-28798E3503AE	24-Sep-42	M
029E47D2-8B6D-487F-9E47-D28B6DB87F28	14-Mar-99	M
029EC818-A2BE-40F2-9ED8-297206F06D60	17-Jun-55	F
02A0EB8D-CDBA-4A09-A0EB-8DCDBA5A0911	25-Aug-88	M
02A14072-EA3D-4D54-A140-72EA3D2D54B0	25-Apr-42	F
02A2B7B7-4466-4989-A58E-64EE8FE5C0C3	10-Sep-89	F
02A3D3F0-B7E8-4011-B344-9912194CB61D	11-Nov-77	F
02A44D31-C860-4A2A-981D-96C4440E1F76	19-Apr-00	U
02A4D6CB-2476-4BE1-9E95-BC300C2DDB5E	15-Aug-72	F
02A88C38-A5EB-11D3-8209-00A0C9E58E2D	19-Aug-69	F
02A8900E-A5EB-11D3-8209-00A0C9E58E2D	4-Mar-66	M
02AA81D3-0564-45D4-AAE8-5381BB07CD42	30-Aug-88	M
02AA88AB-262C-4306-881D-379C06C25E28	14-Aug-82	F
02AC8B2B-6B06-43E9-9133-1C0F9E615E47	4-Aug-86	M
02ACA8C0-5B14-4D81-ACA8-C05B14ED81EE	21-Dec-01	U
02AE2079-2992-4393-833C-B0E1E8098B83	8-Dec-81	M
02B1582B-652D-450F-BEA7-47638BD8D53E	21-Feb-92	F
02B49301-A625-4F2A-B47A-1C1F684314AE	4-Mar-90	M
02B4CC4C-952B-49CC-9E22-BF2DE89B6FA7	2-May-57	F
02BA1597-AA0B-4608-A925-190A355336DF	22-Jun-91	F
02BA569C-A797-4409-A205-3CDDC0A78052	17-Sep-76	F
02BA602D-0277-483D-9FD1-44B97700F453	18-Dec-86	M
02BABFB5-7039-43F2-AEB7-F4935DDEA001	11-Jan-87	F
02BE693E-7B45-4529-A382-9125EB5B2899	2-Jun-58	M
02BE6FB5-C1AC-4381-80B8-BD4D08500486	12-Oct-81	M
02BE7B4B-0D41-47B2-BE7B-4B0D4117B287	21-Dec-85	M
02C2E864-7FEF-4D75-A1F7-DE01E71715C9	2-Mar-92	U
02C3D5BD-E1BC-4384-AA68-6B7FB530CA2F	24-Dec-73	U
02C4F747-A014-41E9-997F-5391FFB55A67	7-Oct-50	F
02C59C88-E53D-4FC6-859C-88E53D1FC69B	29-Oct-97	U
02C8E3FB-6BFE-4261-99AA-A5350C6D1D53	24-Mar-88	F
02C97E5E-4E02-4F95-A0E0-E121ED0C749A	7-Jan-00	U
02CFB96D-A524-4784-8AAD-AA92F0BBE85A	14-Oct-81	F
02D284DC-09FC-483A-9CEF-49EA40D6BBE7	15-Oct-81	F
02D8C421-2D71-4840-AC84-EE7A0A0BE62D	22-Jun-88	M
02DA1972-BF54-4CE6-9212-D8791CA5C2A1	15-Jul-64	F
02DABB7D-75BC-4967-99BC-A34F8849DC87		U
02DB490D-04A6-4CC7-8B7F-8C9ABD0D3A78	23-Jul-96	M
02DC6113-8087-43D7-B930-1AB1214202CF	6-Oct-78	F
02DCD36B-2938-43C1-9D0F-B0DB1981755F	8-Feb-84	M
02DCF825-7DCB-4A4C-8B60-94B302E12F86	24-Jan-89	F
02DFF2B8-6405-4426-BE15-D5B3E47A8C58	23-Sep-86	U
02E15065-D3BE-41AC-A150-65D3BE81AC9E	28-Jul-54	F
02E542D0-A81A-4ACA-BD4F-B7DAA87872FC	2-Feb-83	M
02E60E1F-2E34-40DD-893B-794FF6935FDF	28-Jan-01	F
02EC843E-D42E-4DE0-8AD5-6D0F00D9D6EC	7-May-89	M
02ED4B0E-6AD3-464C-8BB4-D55C5BD1FBDF	26-Jul-81	F
02EEABC8-8241-4FE8-A897-94ECDDF7D4D9	22-Jul-78	M
02EF97E9-AB55-4B86-B1A1-2D096D883D85	1-Nov-65	M
02EFEEB7-A27C-4C53-A0CF-CFC27BC1372D	1-May-60	U
02F06C0D-9560-46F8-BBC5-DE00B86B015C	28-Sep-85	F
02F0F915-2AFC-4954-854E-65AE322C135A	9-Sep-78	M
02F19CED-2C40-433D-B19C-ED2C40133D0C	17-Jul-88	F
02F3958B-B228-4AAF-B395-8BB228AAAFBF	9-Apr-91	F
02F4C427-3F15-4DBF-8AC0-8340D30F0FA3	1-Dec-88	M
02F53851-A802-460D-88B9-CFEC3B771BF9	13-Mar-64	M
02F71A22-FA4F-4B12-BAAB-C272BA42AF2A	1-Aug-82	F
02F7569C-295E-4076-B756-9C295EC07629	24-Jul-89	F
02F788E4-F20C-401E-B1FF-A829D938AAFB	15-Apr-80	M
02F7C97F-1196-4FD5-887F-6C4C97566084	18-Jul-68	M
02FAB8CC-8384-4E1D-B25A-5409E6A1420E	2-Aug-57	M
02FB5B82-631A-4762-BB5B-82631A4762B0	25-Mar-53	U
02FD6666-22DA-4182-AC95-2C31EC6F6C3C	30-Jun-84	F
0302FEDD-CED8-4674-9814-FD242CBECB74	26-Feb-78	F
0305F862-ED3A-4591-9A7A-0C32D286E423	28-Oct-89	F
030773BE-1EBC-4450-8773-BE1EBC24503E	8-Apr-94	U
030A21D1-131B-442D-AC2D-9DF8D0AC9855	22-Jan-87	M
030A9C29-1400-40CC-8A9C-291400C0CC46	27-Sep-89	U
030AE5B2-B5B2-45EF-B3D8-B6B088F5DAE3	18-Feb-85	M
030B5B6C-72A6-4E2F-B8A1-5D372865C347	2-Mar-80	M
030DBDBE-9DF6-4EBE-8B1D-3829108FE25B	14-Dec-87	F
030FDAA3-8AB8-4FCD-8FDA-A38AB81FCD69	26-Jul-85	F
0310BCA1-0DDB-47EB-82FB-5BF3B9FC7472	15-Nov-75	M
0311CB6E-2587-4491-A2E4-92EC6CC7AB8E	22-Jul-65	U
0315645C-2407-4C57-96C0-0D429F6E1CF1	8-Nov-87	M
031794A0-B318-4AC7-883E-23FD3D18A2C5	11-Jul-66	F
031CFA4E-D9C9-4902-A865-05BA2766B848	6-Nov-72	U
031F1E5B-6BB6-4919-A5FF-66E0A5F29337	10-May-84	M
03213B88-E3CA-4038-9266-A23762C4AFAE	21-May-89	M
032248B5-5AB6-481E-8E4F-3FA2530369DD	13-Feb-64	M
03252A86-61C0-45D1-A52A-8661C065D124	27-May-83	F
03258FEB-02DF-421A-96F4-1F44DC0D488E	21-Oct-86	M
03259D48-67BB-43D2-AA2D-6EB2FE82A32E	26-Sep-81	M
0325D3E2-7110-47C3-A1AB-89FEB60C2AB9	16-Jan-89	F
03268E41-8A90-42A2-A68E-418A90D2A23A	16-Dec-56	U
03271BC5-E399-49FD-867C-6B641684F857	20-Nov-87	F
0328C083-7B93-4BD2-845C-29BA81325E64	4-Jan-84	M
032B5447-0C37-48B9-B2EC-009D87B0096B	12-Dec-55	M
0331190B-116C-4DAD-B119-0B116CFDAD3D	30-Aug-87	F
0331BE2D-DF9A-4489-821D-8D300222D8EB	23-May-91	M
0332A08E-7BA4-4D5D-B698-B41AD73098F0	22-Mar-88	M
0332A46F-7029-4093-BFCD-596A2E7E64B5	2-Jan-92	F
0336F710-A8AF-4BB1-80CE-077F997EB405	8-Apr-79	M
033862D8-8DF5-42A2-AA2E-E0B0B2C9F914	12-Jul-88	U
033889FA-E4B2-4714-89D7-BFCBB91DA96C	9-Sep-74	M
033A2F7B-F4F7-44BC-8300-C47EF9A377BB	31-May-86	M
033E73D4-1150-4605-9A79-587A241164BD	24-Mar-92	U
033ECDF2-796D-496B-9A69-8CAAA88F8597	3-Oct-83	M
034029C5-2B51-11D4-820C-00A0C9E58E2D	12-Feb-70	M
0340BDF8-7187-41D9-8951-FB7199926720	30-Oct-89	M
034135F8-874B-4602-AD01-43F30B070027	27-Sep-57	U
0341951A-AB44-4D02-AC6D-3B8C680324AC	7-May-80	F
034435FF-3D23-40C6-9642-5E54AEA76ED7	11-Nov-58	U
0344D22F-EFDD-4A39-B7E5-C9D59A65FBAB	24-Jan-60	M
03474BEB-FD39-471B-9681-D4DFF257F679	27-Jul-76	M
0347C157-CA64-453B-9FF3-FAB665DE2D4A	22-Apr-92	F
034AEFB0-497A-4919-8F77-D689BDC46395	9-Jun-68	U
034B5604-7179-4898-B594-CEEE26492273	4-Aug-80	F
034C79B6-BF3B-4160-9098-37C202989072	3-Nov-74	M
034D352A-E858-4E76-9C80-AE0C6729D5C4	27-Aug-68	F
034DE580-A4F5-4EAF-9552-AE7A096FE4E2	1-Feb-72	U
034EB7DC-FECF-46C3-B44E-D740EAD2EF93	8-Jun-87	F
034F895D-3E8A-4833-B672-055095BA5872	15-Dec-78	U
035180DD-1CEC-4B5C-9180-DD1CEC4B5CA2	20-Apr-88	F
0352D0F2-E5D9-4173-AA25-667AB0139B27	28-Nov-96	U
0352E24F-4176-42DB-A9E5-F046CA6D2A71	25-Oct-85	M
03534A55-9366-452D-9ED1-DCC410BCBCB6	12-Feb-74	U
03555C91-84D1-4450-9ED7-BB1B0CC2935A	8-Jun-87	M
03560C0B-A09C-4281-863F-F55969E0B577	25-Apr-96	M
03571B9C-1C30-45CA-9DEA-650302BADC43	18-Nov-84	M
035A8403-E3B7-4D04-8056-6C6291F912A3	11-Apr-92	U
035B0F12-419A-4D05-81D4-12C70B7922F7	17-Oct-78	F
035D03B3-7D94-4D27-9178-F49EA748D554	12-Aug-95	U
035D4CD5-FBDF-4647-83BA-864BF9969AB1	1-Jul-87	U
03604753-A623-4ED3-A047-53A6239ED39A	23-Apr-54	U
03608F83-1185-42DD-A7A8-0A5643BCAE27	17-Jul-76	F
0363E727-0F7A-4B41-8BDF-AF629C9457BE	29-May-86	M
0364BA6A-0347-486D-8BF3-E1AF5091352D	21-May-80	F
036595EA-D93D-40FA-A595-EAD93D90FAEC	18-Jan-92	F
03669E92-8265-4FCB-B065-B658E1B45465	23-Nov-87	M
0366EFDD-583B-40B1-8DA7-4E5FA4A71CAC	31-Aug-95	M
036DCD00-82F0-4605-B785-8093CCC97AA1	3-Mar-94	F
036E0E82-9331-475C-9595-DFCEE082C534	7-Apr-58	U
036E4298-7653-4205-AE42-987653E20575	8-Jun-91	U
036E929C-B4F2-4479-B20F-41FFE98D8E40	2-Feb-93	F
036EE012-ADBC-4947-9E69-855E7B8E7725	6-Nov-58	F
036FD5EB-8578-4D3E-AFD5-EB85786D3EE5	17-Sep-86	U
037017C1-9608-4DED-9627-79DDC2432544	18-Sep-81	F
03724505-BA33-4035-A91A-AA6550DFE49B	5-May-83	M
0374C4A0-3543-425B-A25F-D65D040FDBD7	29-Nov-99	U
03764241-978F-4930-AD8C-EC22F0356091	7-Dec-88	F
0378377F-6E2B-4528-932F-07F9C9BD8939	16-Jun-82	M
03785168-96D7-4B2C-A2C9-523FBC11CAE8	16-Feb-80	M
037C66B6-D904-4F87-A7C0-8F219F886DCC	8-Dec-98	U
037F9440-7FAD-4C6B-AB47-95906B1CF98C	3-Mar-52	M
03803674-BCFE-4565-83CA-C0DA8CB53E8A	1-Jan-00	M
03814EC4-55F8-4FB9-814E-C455F81FB9E7	1-May-67	U
0387A652-E831-433E-B926-919EA2523978	23-Sep-02	U
038810FF-CF76-4EB2-93C1-CD65AE9632F3	27-Jun-87	F
038AD573-A070-4C32-9355-75DFB9765EAD	30-Nov-65	F
038BEBCF-4721-41F6-87A2-E3245F1E67B4	12-May-91	M
038DC76C-B2C3-4C97-A171-E9D93FB75404	22-Jan-85	M
038FF716-C24D-4DE6-B97B-EC8C1516334F	11-Mar-55	U
03902CA4-CE05-41A4-B206-A5F7AFEE5EC7	14-Feb-90	F
0390B86F-35BD-46EA-900D-946A72FEFD57	4-Feb-93	F
0392F9EF-1842-4AD9-9FD5-A1540D2991C1	13-Feb-91	F
0397A3FD-ED52-4812-B078-59536B3FA0B0	31-May-76	M
039D8FCD-79E7-4248-93B1-417D68520565	8-Dec-84	F
039E549F-B8CE-4848-9E54-9FB8CEF848CB	1-Nov-82	F
03A00199-756A-4C32-8114-9D38D9144FB9	20-Jun-84	M
03A09DB6-A875-472A-B522-3DD4FE316524	6-Sep-87	M
03A0E2CD-C07B-43FC-AA3C-2CF76153F02A	13-Oct-31	M
03A1FED4-7C66-424E-A5C1-5A1BB2192991	18-Jan-83	F
03A615C3-20D7-466E-A24B-60DE297C354F	19-Sep-60	M
03A6D4AA-7153-40F6-ADFE-08001C5C372E	15-Feb-89	M
03A79EF1-0672-4F15-8525-96B40E682790	1-Apr-87	M
03A99E58-E955-4EBD-B8C1-6333B6CC195B	22-Dec-92	F
03AA2AD6-8CF9-4C2C-B1B5-A9B03408E9DC	14-Apr-85	U
03ABD741-D2E8-401E-955B-DB4F895BF8F0	18-Oct-90	M
03ABEB1F-C1E0-40B7-849B-F55C33686227	10-Dec-65	U
03ADE60F-D13A-4AEB-ADE6-0FD13A2AEB60	31-Dec-80	M
03AE95CE-8AA4-4318-AE95-CE8AA4F318EC	20-Jan-66	F
03AF1B5E-AB59-47E3-8E9F-FA927CAD2448	23-Jun-90	F
03AF6CC4-EF0D-43B5-B1F3-BFFED317E760	30-May-89	F
03AFFD5C-BA37-46F2-8958-6AE103E2E674	22-May-71	M
03B01FCA-3B5F-4B0F-B3D5-D1877D167CE8	10-Mar-60	F
03B2F4E6-4DD8-431C-B9A3-D3B63C28228B	18-Mar-62	M
03B33C0B-644D-4872-9636-ED215B3B054B	13-Dec-86	M
03B4ABF6-D7A9-4233-9926-ABA0CF748C58	19-Jan-87	M
03B5CF07-D5BE-11D2-94E8-0060B067D8ED	25-Apr-78	M
03B63D09-28FC-4C55-9351-13CE4DC2E446	2-May-91	F
03B6C265-6054-43EE-A6C5-11458FECD12C	25-Aug-87	M
03B6C9EA-E56B-4DCE-9C38-F17AAA2A0066	11-Feb-70	M
03BA5B2D-92C1-494B-95D0-FCC2288461F6	5-May-97	U
03BEC112-3782-49B4-BEC1-12378209B40F	28-Feb-84	M
03C26FD7-7B25-4A0D-A69F-76B6ACBE124D	1-Jan-83	F
03C414A2-30E3-4C70-92BD-EF205D991D18	3-Aug-93	M
03C7E09E-59CB-4279-9515-0175470597E3	10-Oct-81	F
03C86104-D80F-429A-9019-330897C954BC	10-May-93	M
03CBBB7E-378F-4C74-8111-8B43B7F899EE	1-Oct-80	F
03CC21DD-2764-4343-A02C-AC6CEA09A247	29-Jan-49	F
03D23A55-9E76-43C9-A094-469C66AF8883	11-Mar-53	F
03D281A5-79B5-4EA6-86D1-B7885EE2A2F2	4-Jan-99	U
03D5BA5B-5BE7-4085-8298-CB5DBBE471B1	13-Jul-90	M
03D666BB-F7C9-4782-8CD4-0D81FDFC4A5A	14-Oct-82	F
03DFFD1C-89D8-48FE-A784-938292036428	14-Jan-92	M
03E2F389-03B6-482E-A2F3-8903B6882EEC	11-Nov-00	U
03E6B898-97D2-4930-A6B8-9897D2E93097	18-Dec-50	U
03E91970-BEDD-480B-B018-D3EA951BB8AE	29-Sep-51	M
03E97C5D-CE91-47CA-A7B3-677EA0F1777A	7-May-85	M
03E9E417-91B6-457D-AFB9-00C563B618B9	5-Sep-82	U
03EB8FFF-9537-43A4-8A87-442C43FBCA2C	30-Aug-74	F
03EBDB8B-0290-49FE-B560-C35F4DF9F03F	22-Sep-69	F
03EF972F-CC00-4C6A-AF97-2FCC00AC6A4B	30-Jan-53	F
03F2E38F-75C3-45EA-BDC3-88590B2E531E	24-Oct-83	F
03FA9122-349E-40B8-9726-9EEC465342B9	10-Oct-87	F
03FBD31F-9400-463C-96D1-4DC576633017	7-Oct-58	F
03FC7B4F-4863-40A1-A7CE-5A5F19AC9E28	29-Dec-91	F
03FD0BCB-7C8F-4E9C-AA9B-4FD5206D31EE	16-Aug-93	M
0401342F-16A0-4561-8134-2F16A0A56186	22-Jan-86	F
0402811C-5C8E-4AF9-923D-AF8A1891C827	12-Apr-66	M
04078A77-0E4E-4CA8-878A-770E4E6CA8FD	7-Jul-85	F
0407E1DE-946A-48F7-A7A5-FFBB7C12A0D3	9-Aug-86	F
04085A72-75D7-4F43-ACF4-1187BC92CF78	5-Aug-91	M
040ACD64-5ED1-486C-9547-DC2140C9499D	7-Apr-86	F
040FE467-914F-4773-9E1C-36053A5CFABB	8-Sep-86	M
041025F8-12FC-4C57-90F0-337AB2A09F32	14-Jul-99	U
041031D1-E52C-4828-B638-15401F2F683D	14-Apr-89	M
041058D8-5663-4958-9D5F-AE2312C6BF90	10-Oct-87	M
04110548-4D8F-433F-8A56-6BE04135CE63	21-Jul-50	M
041154F7-7BB0-481D-99E0-2BDE2061A7B6	7-Nov-68	F
04157D5B-ACB4-4030-9413-171A0AA96BBB	6-Aug-90	M
04175A55-8979-42E7-B50A-12CAFA51456D	8-May-76	M
041811F5-011C-44D0-970F-802C2A236A26	11-Nov-99	U
0418ACCD-3C61-45E9-98AC-CD3C61F5E9F7	19-Oct-85	F
041B62F8-ABDB-4976-A302-6BAE7A3D83DE	6-Jan-70	M
04208ECC-4646-4599-8418-29E2138922C7	21-Feb-00	U
0421CDC2-AC73-431F-9FDC-40E360E804EB	22-Jan-65	F
042581F3-5F67-4194-ADCC-034C80DE4E75	17-Jun-73	F
042B4FA0-DC3E-4D28-A563-761997C36CE2	2-Jun-73	M
042B8417-B6D2-49D2-B31C-2D287A42A50A	16-Mar-92	F
042C00A3-7CC8-4818-A2E2-80A0CA44F923	28-Apr-82	M