userId,artistId,playCount
1038228,1019773,3.0
1038228,1020761,1.0
1038228,10210192,2.0
1038228,1021453,12.0
1038228,1022234,1.0
1038228,1022626,1.0
1038228,1023028,2.0
1038228,1023065,1.0
1038228,1023264,6.0
1038228,1023547,1.0
1038228,1023617,83.0
1038228,1023766,2.0
1038228,1024040,1.0
1038228,1024815,8.0
1038228,1024845,1.0
1038228,10256461,1.0
1038228,1026039,2.0
1038228,1026261,3.0
1038228,10267103,1.0
1038228,1026988,1.0
1038228,1027389,1.0
1038228,10280656,4.0
1038228,1028633,2.0
1038228,1028971,1.0
1038228,1029494,3.0
1038228,1031075,2.0
1038228,1031230,1.0
1038228,1031396,2.0
1038228,1031890,5.0
1038228,1032164,7.0
1038228,10323265,6.0
1038228,1032498,1.0
1038228,1032514,1.0
1038228,1033047,1.0
1038228,1033789,2.0
1038228,1033793,1.0
1038228,1034540,2.0
1038228,10345487,1.0
1038228,1035080,7.0
1038228,10359607,1.0
1038228,1036376,2.0
1038228,10365349,1.0
1038228,10365354,1.0
1038228,1036613,7.0
1038228,1037206,1.0
1038228,1037215,7.0
1038228,1037582,1.0
1038228,1037680,3.0
1038228,1038360,1.0
1038228,1038921,8.0
1038228,1038979,1.0
1038228,10390335,1.0
1038228,1039115,6.0
1038228,1039391,1.0
1038228,1269417,2.0
1038228,10396051,2.0
1038228,10396087,1.0
1038228,1041,1.0
1038228,1041456,3.0
1038228,1041752,1.0
1038228,1041780,3.0
1038228,1041841,3.0
1038228,1042183,2.0
1038228,1043266,1.0
1038228,1043461,1.0
1038228,1043589,1.0
1038228,10440747,1.0
1038228,1044922,9.0
1038228,1045429,1.0
1038228,1014100,3.0
1038228,1045884,1.0
1038228,10459918,4.0
1038228,1046041,4.0
1038228,10473786,1.0
1038228,1047966,1.0
1038228,10507709,1.0
1038228,1051037,2.0
1038228,1052662,7.0
1038228,10526934,1.0
1038228,1052960,1.0
1038228,1054138,1.0
1038228,10561046,2.0
1038228,1056136,6.0
1038228,1056757,4.0
1038228,1056758,46.0
1038228,10570714,1.0
1038228,1057241,1.0
1038228,1057242,2.0
1038228,10576516,1.0
1038228,10576554,1.0
1038228,1058104,29.0
1038228,10590746,1.0
1038228,10591327,3.0
1038228,10600790,1.0
1038228,1060178,19.0
1038228,1061190,24.0
1038228,1061440,4.0
1038228,1062543,2.0
1038228,10629634,1.0
1038228,14,1.0
1038228,1067410,4.0
1038228,1069330,1.0
1038228,1071024,246.0
1038228,1073359,3.0
1038228,1073529,1.0
1038228,1073763,7.0
1038228,1073967,8.0
1038228,1075788,4.0
1038228,1080742,1.0
1038228,1081578,1.0
1038228,1081664,3.0
1038228,1083467,2.0
1038228,1083609,2.0
1038228,1083670,3.0
1038228,1084636,1.0
1038228,1086019,1.0
1038228,1034635,1.0
1038228,1091719,1.0
1038228,1098464,1.0
1038228,1098737,2.0
1038228,1098850,4.0
1038228,1099102,11.0
1038228,1101133,1.0
1038228,1102054,1.0
1038228,1105360,104.0
1038228,1106928,9.0
1038228,1108177,1.0
1038228,1108569,5.0
1038228,1108951,4.0
1038228,1112167,1.0
1038228,1112912,3.0
1038228,1114069,3.0
1038228,1115355,5.0
1038228,1115550,8.0
1038228,1117224,15.0
1038228,1117618,8.0
1038228,1118840,1.0
1038228,1120106,4.0
1038228,1122414,7.0
1038228,1122612,5.0
1038228,1124350,1.0
1038228,1128144,2.0
1038228,1129161,1.0
1038228,1135106,1.0
1038228,1135770,1.0
1038228,1139112,2.0
1038228,1141,1.0
1038228,1142408,63.0
1038228,1143363,3.0
1038228,1143766,1.0
1038228,1145871,10.0
1038228,1148310,1.0
1038228,1148606,2.0
1038228,1150127,1.0
1038228,1150641,2.0
1038228,1152194,2.0
1038228,1159790,1.0
1038228,1160065,1.0
1038228,1161621,12.0
1038228,1161848,5.0
1038228,1162612,5.0
1038228,1163463,4.0
1038228,1163481,1.0
1038228,1163531,10.0
1038228,1165488,3.0
1038228,1166016,4.0
1038228,1171160,5.0
1038228,1171657,1.0
1038228,1175477,1.0
1038228,1176399,10.0
1038228,1177,1.0
1038228,1177149,8.0
1038228,1184049,19.0
1038228,1184111,3.0
1038228,1185182,7.0
1038228,1185574,3.0
1038228,1187,2.0
1038228,1197333,18.0
1038228,1199,13.0
1038228,1200699,1.0
1038228,1201019,1.0
1038228,1202,137.0
1038228,1204192,6.0
1038228,1207031,3.0
1038228,1207332,1.0
1038228,1207817,2.0
1038228,1207868,1.0
1038228,1207970,2.0
1038228,1208495,3.0
1038228,1209207,9.0
1038228,121,8.0
1038228,1210717,1.0
1038228,1214,7.0
1038228,1214036,1.0
1038228,1216515,3.0
1038228,1221213,1.0
1038228,1225090,9.0
1038228,1225131,1.0
1038228,1228350,2.0
1038228,1231201,1.0
1038228,1231740,1.0
1038228,1232221,3.0
1038228,1233193,63.0
1038228,1233610,2.0
1038228,1234700,1.0
1038228,1234027,1.0
1038228,1234420,1.0
1038228,1234737,1.0
1038228,1235,1.0
1038228,1235152,2.0
1038228,1235517,3.0
1038228,1236287,1.0
1038228,1237973,1.0
1038228,1238006,2.0
1038228,1238013,1.0
1038228,1238392,1.0
1038228,1239134,1.0
1038228,1239408,9.0
1038228,1240083,2.0
1038228,1240770,1.0
1038228,1244362,1.0
1038228,1244907,1.0
1038228,1245182,19.0
1038228,1256384,1.0
1038228,1247161,1.0
1038228,1247252,1.0
1038228,1251,3.0
1038228,1251282,11.0
1038228,1252233,1.0
1038228,1253769,1.0
1038228,1254475,1.0
1038228,1254888,3.0
1038228,1256875,2.0
1038228,1262034,2.0
1038228,1265554,4.0
1038228,1265628,2.0
1038228,1266,1.0
1038228,1266524,3.0
1038228,1266863,5.0
1038228,1267566,7.0
1038228,1268321,1.0
1038228,1268554,1.0
1038228,1269,2.0
1038228,1269869,1.0
1038228,1270381,4.0
1038228,1270639,69.0
1038228,1270918,1.0
1038228,1272405,1.0
1038228,1275074,2.0
1038228,1275307,5.0
1038228,1275899,41.0
1038228,1275996,1.0
1038228,1276822,17.0
1038228,1277029,2.0
1038228,1008343,3.0
1038228,1278093,1.0
1038228,1279350,1.0
1038228,1279351,1.0
1038228,1281197,1.0
1038228,1284505,1.0
1038228,1285410,4.0
1038228,1286003,1.0
1038228,1286732,3.0
1038228,1288972,2.0
1038228,1289148,1.0
1038228,1292895,2.0
1038228,1294419,1.0
1038228,1295495,1.0
1038228,1297306,3.0
1038228,1298659,22.0
1038228,1299714,3.0
1038228,1299727,4.0
1038228,1299793,34.0
1038228,1099102,11.0
1038228,1299809,8.0
1038228,1299819,3.0
1038228,1299823,4.0
1038228,1299848,1.0
1038228,1299855,5.0
1038228,1299868,4.0
1038228,1300163,7.0
1038228,1300164,3.0
1038228,1300184,5.0
1038228,1300229,15.0
1038228,1300551,6.0
1038228,1300586,31.0
1038228,6630354,1.0
1038228,1301313,2.0
1038228,1302440,4.0
1038228,1302675,4.0
1038228,1304043,20.0
1038228,1304078,3.0
1038228,1304085,17.0
1038228,1304181,18.0
1038228,1014319,1.0
1038228,1307566,2.0
1038228,1307611,4.0
1038228,1307617,3.0
1038228,1307631,1.0
1038228,1307641,2.0
1038228,1308757,2.0
1038228,1308851,1.0
1038228,1309,1.0
1038228,1309214,2.0
1038228,1309329,6.0
1038228,1310468,1.0
1038228,1312941,2.0
1038228,1313010,4.0
1038228,1313025,1.0
1038228,1011849,1.0
1038228,1314,2.0
1038228,1314622,1.0
1038228,1315406,1.0
1038228,1317115,2.0
1038228,6630354,1.0
1038228,1318261,1.0
1038228,1319,13.0
1038228,1320292,3.0
1038228,1321205,2.0
1038228,1321392,1.0
1038228,1321405,3.0
1038228,1321408,2.0
1038228,1321440,3.0
1038228,1322703,2.0
1038228,1324347,4.0
1038228,1326168,2.0
1038228,1326520,1.0
1038228,1326908,6.0
1038228,1327018,1.0
1038228,1328282,6.0
1038228,1328329,2.0
1038228,1328691,2.0
1038228,1333756,1.0
1038228,1334247,2.0
1038228,1334598,1.0
1038228,1334631,1.0
1038228,1335468,1.0
1038228,1336366,3.0
1038228,1336591,1.0
1038228,1337288,2.0
1038228,1341723,5.0
1038228,1343565,1.0
1038228,1344737,1.0
1038228,1347370,2.0
1038228,1350498,26.0
1038228,14,5.0
1038228,1411,1.0
1038228,15,23.0
1038228,151,1.0
1038228,1781,10.0
1038228,1810,1.0
1038228,1833,16.0
1038228,1843,2.0
1038228,1870,7.0
1038228,1886,1.0
1038228,189,4.0
1038228,1890,111.0
1038228,191,2.0
1038228,2,33.0
1038228,2004904,3.0
1038228,2005019,7.0
1038228,2005085,1.0
1038228,2008457,2.0
1038228,2008474,10.0
1038228,2008495,4.0
1038228,2008639,5.0
1038228,2010813,1.0
1038228,2014702,1.0
1038228,2017118,1.0
1038228,202,42.0
1038228,2020022,1.0
1038228,2026134,1.0
1038228,2026146,7.0
1038228,2027252,2.0
1038228,2028324,4.0
1038228,2028338,1.0
1038228,2030288,9.0
1038228,2031310,3.0
1038228,2033128,1.0
1038228,2036515,2.0
1038228,2037,1.0
1038228,2040459,1.0
1038228,2046978,2.0
1038228,2047045,1.0
1038228,2047111,4.0
1038228,2047141,1.0
1038228,2047880,6.0
1038228,2050473,1.0
1038228,2051141,1.0
1038228,2054783,2.0
1038228,2057811,1.0
1038228,2061474,1.0
1038228,2068417,20.0
1038228,2075077,1.0
1038228,2076565,4.0
1038228,2076690,1.0
1038228,2077441,1.0
1038228,2078519,13.0
1038228,2079141,1.0
1038228,2088898,1.0
1038228,2092277,3.0
1038228,2095,2.0
1038228,2096584,5.0
1038228,2098962,4.0
1038228,2101304,3.0
1038228,2103,1.0
1038228,2108,1.0
1038228,2108646,2.0
1038228,2110323,2.0
1038228,2110356,3.0
1038228,2113130,2.0
1038228,2115,18.0
1038228,2115820,3.0
1038228,2117625,3.0
1038228,2123278,2.0
1038228,2124921,1.0
1038228,2125489,9.0
1038228,2126744,2.0
1038228,2127897,1.0
1038228,2127913,3.0
1038228,2127929,1.0
1038228,2127965,3.0
1038228,2128054,1.0
1038228,2130696,1.0
1038228,2132,2.0
1038228,2137401,1.0
1038228,2139091,1.0
1038228,2140273,11.0
1038228,2148050,2.0
1038228,2150476,1.0
1038228,2151955,2.0
1038228,2151963,1.0
1038228,2153064,3.0
1038228,2158409,1.0
1038228,2159263,1.0
1038228,216,2.0
1038228,2164646,1.0
1038228,2171095,3.0
1038228,2171232,3.0
1038228,2173281,1.0
1038228,2176259,1.0
1038228,2177061,5.0
1038228,2177992,2.0
1038228,221,26.0
1038228,2229,2.0
1038228,223,1.0
1038228,2232,11.0
1038228,2237,1.0
1038228,2247,2.0
1038228,2277,1.0
1038228,2280942,14.0
1038228,2281040,3.0
1038228,2281145,2.0
1038228,2287851,3.0
1038228,2288278,1.0
1038228,2288284,1.0
1038228,2288289,1.0
1038228,2288293,1.0
1038228,2288296,1.0
1038228,2290019,1.0
1038228,2309,11.0
1038228,238,2.0
1038228,2484,1.0
1038228,250,11.0
1038228,251,1.0
1038228,2545,2.0
1038228,2569,1.0
1038228,2575,2.0
1038228,2605,1.0
1038228,2617,1.0
1038228,2677,1.0
1038228,2717,1.0
1038228,2728,1.0
1038228,2745,77.0
1038228,28,147.0
1038228,2817,1.0
1038228,2846,1.0
1038228,2896,5.0
1038228,2999,3.0
1038228,302,2.0
1038228,3029,1.0
1038228,3038,2.0
1038228,3062,1.0
1038228,313,1.0
1038228,3142,1.0
1038228,3157,4.0
1038228,3159,1.0
1038228,3190,1.0
1038228,3195,2.0
1038228,3216,39.0
1038228,3270,4.0
1038228,3274,11.0
1038228,3323,1.0
1038228,3326,1.0
1038228,3329,4.0
1038228,3370,4.0
1038228,3379,151.0
1038228,3447,2.0
1038228,3454,1.0
1038228,3517,43.0
1038228,352,7.0
1038228,3576,1.0
1038228,3656,3.0
1038228,3792,22.0
1038228,3818,6.0
1038228,3865,7.0
1038228,3893,1.0
1038228,3898,2.0
1038228,394,1.0
1038228,40,73.0
1038228,4048,1.0
1038228,4052,2.0
1038228,41,9.0
1038228,4100,3.0
1038228,422,2.0
1038228,4225,1.0
1038228,4241,94.0
1038228,4257,2.0
1038228,4432,2.0
1038228,4475,1.0
1038228,4481,1.0
1038228,4483,2.0
1038228,4488,12.0
1038228,4496,8.0
1038228,452,2.0
1038228,4604,2.0
1038228,463,5.0
1038228,494,1.0
1038228,496,2.0
1038228,5075,1.0
1038228,5153,5.0
1038228,5178,2.0
1038228,5210,4.0
1038228,530,26.0
1038228,5317,4.0
1038228,535,55.0
1038228,542,3.0
1038228,5496,1.0
1038228,5705,1.0
1038228,581,39.0
1038228,5810,124.0
1038228,5824,1.0
1038228,5837,7.0
1038228,5843,3.0
1038228,59,13.0
1038228,598,1.0
1038228,615,2.0
1038228,621,11.0
1038228,6603174,7.0
1038228,6604451,6.0
1038228,6611731,1.0
1038228,6612831,1.0
1038228,6616431,3.0
1038228,6616517,4.0
1038228,6616604,4.0
1038228,6618435,1.0
1038228,6619233,1.0
1038228,6627508,2.0
1038228,6627529,1.0
1038228,6627540,2.0
1038228,6627582,2.0
1038228,6627589,1.0
1038228,6627601,1.0
1038228,6629995,4.0
1038228,6630972,1.0
1038228,6632769,2.0
1038228,6634728,1.0
1038228,6635924,1.0
1038228,6636293,1.0
1038228,6639812,2.0
1038228,6648371,4.0
1038228,6652953,2.0
1038228,6654237,3.0
1038228,6656152,1.0
1038228,6658072,1.0
1038228,6660307,6.0
1038228,6662769,1.0
1038228,6665499,2.0
1038228,6666939,1.0
1038228,6668420,1.0
1038228,6668429,2.0
1038228,6670529,1.0
1038228,6675291,2.0
1038228,6691721,1.0
1038228,6704058,8.0
1038228,6712353,1.0
1038228,6722264,2.0
1038228,6729664,1.0
1038228,6730533,2.0
1038228,6740970,19.0
1038228,6748129,3.0
1038228,6751215,2.0
1038228,6766797,4.0
1038228,6767903,2.0
1038228,677,7.0
1038228,6771664,5.0
1038228,6784056,1.0
1038228,6784057,1.0
1038228,6784071,7.0
1038228,6784077,4.0
1038228,6796584,1.0
1038228,6802308,4.0
1038228,6811268,1.0
1038228,6813098,1.0
1038228,1006885,1.0
1038228,6818730,4.0
1038228,6819011,1.0
1038228,6820307,1.0
1038228,6630354,2.0
1038228,6833758,1.0
1038228,6630354,1.0
1038228,6848096,1.0
1038228,6849305,1.0
1038228,6851409,1.0
1038228,6855753,3.0
1038228,6861425,2.0
1038228,6862916,2.0
1038228,6868515,3.0
1038228,6873408,8.0
1038228,6879352,3.0
1038228,6879378,1.0
1038228,6879391,1.0
1038228,6885630,5.0
1038228,6896811,1.0
1038228,6906437,1.0
1038228,6906439,1.0
1038228,6906440,1.0
1038228,6906442,7.0
1038228,6917860,1.0
1038228,6935918,3.0
1038228,6953438,1.0
1038228,6959593,4.0
1038228,70,4.0
1038228,7032923,1.0
1038228,728,1.0
1038228,732,1.0
1038228,76,2.0
1038228,82,1.0
1038228,827,4.0
1038228,831,2.0
1038228,838,2.0
1038228,976,2.0
1038228,979,7.0
1038228,9925838,5.0
1038228,9926839,2.0
1038228,9945211,1.0
1038228,9988799,2.0
1038228,9994376,5.0
1038231,1000442,9.0
1038231,1000498,3.0
1038231,1000623,24.0
1038231,1001735,20.0
1038231,1001779,1.0
1038231,1002457,2.0
1038231,1002594,7.0
1038231,1002725,30.0
1038231,1003278,5.0
1038231,10070464,3.0
1038231,1003386,2.0
1038231,1003928,27.0
1038231,1004303,1.0
1038231,1004461,1.0
1038231,1004670,3.0
1038231,1005007,7.0
1038231,1005128,6.0
1038231,1005290,1.0
1038231,1005866,1.0
1038231,1006016,137.0
1038231,1006124,1.0
1038231,1006178,4.0
1038231,1007204,2.0
1038231,10078816,2.0
1038231,10079115,1.0
1038231,1008419,6.0
1038231,1008430,119.0
1038231,1008824,1.0
1038231,10090332,21.0
1038231,1009347,1.0
1038231,1009366,1.0
1038231,10101899,1.0
1038231,10101953,1.0
1038231,10102060,1.0
1038231,10102086,1.0
1038231,10107523,12.0
1038231,10107542,12.0
1038231,10108427,1.0
1038231,1012076,1.0
1038231,1012194,1.0
1038231,1012263,1.0
1038231,10124382,6.0
1038231,1012630,2.0
1038231,1012834,184.0
1038231,1013656,1.0
1038231,1013727,17.0
1038231,1013928,3.0
1038231,1014131,1050.0
1038231,10142393,1.0
1038231,1014322,9.0
1038231,1014363,2.0
1038231,10159463,14.0
1038231,1016508,1.0
1038231,1016934,1.0
1038231,1018197,1.0
1038231,1018356,4.0
1038231,1018746,5.0
1038231,1018984,13.0
1038231,1019201,11.0
1038231,1020296,1.0
1038231,10204125,8.0
1038231,10204141,4.0
1038231,10057067,4.0
1038231,10206196,6.0
1038231,1021097,3.0
1038231,1021174,3.0
1038231,1022599,1.0
1038231,1023418,5.0
1038231,1023528,1.0
1038231,1024935,6.0
1038231,10510320,1.0
1038231,1026660,2.0
1038231,1026776,34.0
1038231,1027059,1.0
1038231,1027066,16.0
1038231,1027075,24.0
1038231,1027145,1.0
1038231,1027295,2.0
1038231,1027951,1.0
1038231,10240381,2.0
1038231,1029187,1.0
1038231,1029267,7.0
1038231,1029283,1.0
1038231,10300680,1.0
1038231,1030169,32.0
1038231,10305270,1.0
1038231,1031658,11.0
1038231,1031964,63.0
1038231,1031984,2427.0
1038231,1031991,5.0
1038231,1032093,5.0
1038231,10510173,1.0
1038231,1032271,1.0
1038231,1032354,3.0
1038231,1032359,5.0
1038231,1032370,3.0
1038231,1032951,1.0
1038231,10346553,1.0
1038231,1034663,3.0
1038231,1035950,36.0
1038231,1036401,2.0
1038231,1036429,7.0
1038231,1037054,3.0
1038231,1034635,5.0
1038231,1042484,2.0
1038231,1042502,1.0
1038231,1042938,134.0
1038231,1043079,3.0
1038231,10448359,2.0
1038231,10450285,1.0
1038231,1045850,1.0
1038231,10480731,1.0
1038231,1048416,4.0
1038231,1050084,5.0
1038231,6996347,1.0
1038231,1050236,5.0
1038231,1053399,1.0
1038231,1054444,1.0
1038231,1054651,6.0
1038231,1061498,1.0
1038231,6765271,4.0
1038231,1064456,1.0
1038231,1064468,1.0
1038231,1065130,8.0
1038231,1066715,3.0
1038231,1066988,3.0
1038231,1068770,7.0
1038231,1069990,5.0
1038231,10715266,68.0
1038231,1072400,3.0
1038231,10752991,4.0
1038231,10753044,4.0
1038231,10764534,67.0
1038231,10764673,1.0
1038231,1339613,2.0
1038231,1079930,1.0
1038231,1080733,19.0
1038231,1081920,1.0
1038231,1086408,6.0
1038231,1086430,18.0
1038231,1088671,17.0
1038231,7007916,31.0
1038231,1090055,5.0
1038231,1093684,1.0
1038231,1095885,1.0
1038231,1349746,13.0
1038231,1100562,10.0
1038231,1100651,1.0
1038231,1104142,55.0
1038231,1104144,16.0
1038231,1106187,5.0
1038231,1106292,7.0
1038231,1106828,444.0
1038231,1107259,3.0
1038231,1110923,2.0
1038231,1111039,7.0
1038231,1111150,2.0
1038231,1111161,2.0
1038231,1111567,6.0
1038231,1116523,1.0
1038231,1116970,29.0
1038231,1116979,34.0
1038231,1117795,1.0
1038231,1118447,1.0
1038231,112,1.0
1038231,1121099,4.0
1038231,1121829,1.0
1038231,6932025,1.0
1038231,1125701,84.0
1038231,2139275,80.0
1038231,1128922,18.0
1038231,1131024,1.0
1038231,1136768,4.0
1038231,1136863,2.0
1038231,1139385,5.0
1038231,1145501,5.0
1038231,1147280,11.0
1038231,1151294,13.0
1038231,10510163,19.0
1038231,1157227,2.0
1038231,1157391,1.0
1038231,1162,2.0
1038231,1169027,114.0
1038231,1171291,1.0
1038231,1176431,15.0
1038231,1177777,147.0
1038231,1332675,4.0
1038231,1181057,5.0
1038231,1182459,147.0
1038231,1185362,1.0
1038231,1187723,1.0
1038231,1187755,31.0
1038231,1192903,1.0
1038231,1198680,2.0
1038231,1200086,1.0
1038231,1204901,5.0
1038231,1211176,4.0
1038231,1214307,1.0
1038231,1214658,7.0
1038231,1215989,1.0
1038231,1233080,201.0
1038231,1235083,1.0
1038231,1235111,82.0
1038231,10176457,3.0
1038231,1246007,7.0
1038231,1246047,22.0
1038231,1246073,34.0
1038231,1247118,2.0
1038231,1247272,1160.0
1038231,1247308,1.0
1038231,1247960,1.0
1038231,1248224,1.0
1038231,1250059,47.0
1038231,1250271,7.0
1038231,1251067,2.0
1038231,1252866,23.0
1038231,1252889,32.0
1038231,1254338,95.0
1038231,1256487,115.0
1038231,1256628,3.0
1038231,1258656,5.0
1038231,1264773,3.0
1038231,1264842,9.0
1038231,1267537,2.0
1038231,1268163,13.0
1038231,1268770,1.0
1038231,1269325,15.0
1038231,1270868,3.0
1038231,1271061,2.0
1038231,1271906,2.0
1038231,1271910,6.0
1038231,1272280,1.0
1038231,1272299,22.0
1038231,1346781,8.0
1038231,1273009,101.0
1038231,1273861,1.0
1038231,1273978,48.0
1038231,1338914,15.0
1038231,1274762,541.0
1038231,1276854,8.0
1038231,1277007,5.0
1038231,1278512,3.0
1038231,1278815,11.0
1038231,1278921,12.0
1038231,1279010,13.0
1038231,1280881,2.0
1038231,1282326,1.0
1038231,1282439,2.0
1038231,1286543,1.0
1038231,1286904,3.0
1038231,1287379,1.0
1038231,1287702,6.0
1038231,1287994,10.0
1038231,1289497,2.0
1038231,1292943,5.0
1038231,1293907,1.0
1038231,1294257,131.0
1038231,1295400,1.0
1038231,1297520,35.0
1038231,1299061,33.0
1038231,1299244,488.0
1038231,1299275,33.0
1038231,1299333,20.0
1038231,6672879,7.0
1038231,1299418,1.0
1038231,1299483,19.0
1038231,1300287,1.0
1038231,1301181,2.0
1038231,1301240,1.0
1038231,1301245,1.0
1038231,1301367,3.0
1038231,1301619,11.0
1038231,6964160,1.0
1038231,1303198,6.0
1038231,1303259,74.0
1038231,1304056,110.0
1038231,1305318,2.0
1038231,1305374,2.0
1038231,1305382,2.0
1038231,1305406,1.0
1038231,1305599,1.0
1038231,1305734,120.0
1038231,1305866,1749.0
1038231,1305885,114.0
1038231,1307323,2.0
1038231,1307333,1.0
1038231,1308191,1.0
1038231,1308234,1.0
1038231,1308301,3.0
1038231,1024935,1.0
1038231,1308328,8.0
1038231,1308790,16.0
1038231,1310897,2.0
1038231,1311132,2.0
1038231,1312248,2.0
1038231,1312339,15.0
1038231,1313149,1.0
1038231,1313156,1.0
1038231,1313168,1.0
1038231,1314769,2.0
1038231,1314847,293.0
1038231,1315815,9.0
1038231,1316323,1.0
1038231,1316326,1.0
1038231,1318279,1.0
1038231,1318316,7.0
1038231,1318592,36.0
1038231,1320225,1.0
1038231,1320872,9.0
1038231,1323403,10.0
1038231,1323415,7.0
1038231,1324045,54.0
1038231,1324191,1.0
1038231,1326284,14.0
1038231,10026406,28.0
1038231,10026373,13.0
1038231,1327124,14.0
1038231,1327519,1.0
1038231,1327858,19.0
1038231,1328526,22.0
1038231,1329377,1.0
1038231,1329444,39.0
1038231,1330352,16.0
1038231,1330842,7.0
1038231,1331527,1.0
1038231,1332055,1.0
1038231,1333157,1.0
1038231,1333810,1.0
1038231,1334145,2.0
1038231,1334288,1.0
1038231,1334338,1.0
1038231,1334556,1.0
1038231,1335519,100.0
1038231,2136820,8.0
1038231,1335588,11.0
1038231,1335600,5.0
1038231,1335621,4.0
1038231,1336868,16.0
1038231,1337066,7.0
1038231,1337532,1.0
1038231,1337553,1.0
1038231,1337559,1.0
1038231,1339251,1.0
1038231,1339268,1.0
1038231,1339402,2.0
1038231,1339932,1.0
1038231,1339938,4.0
1038231,7023601,23.0
1038231,1340436,13.0
1038231,1340496,1.0
1038231,1340513,6.0
1038231,1340683,1.0
1038231,1340797,4.0
1038231,1341810,1.0
1038231,1343234,1.0
1038231,1343432,4.0
1038231,1345609,2.0
1038231,1348176,12.0
1038231,1348615,17.0
1038231,1348673,5.0
1038231,1350559,1.0
1038231,1372,1.0
1038231,1538,1.0
1038231,1641,1.0
1038231,1736,1.0
1038231,1854,8.0
1038231,2000027,404.0
1038231,2001363,1.0
1038231,2003,2.0
1038231,2005072,10.0
1038231,2005727,6.0
1038231,7023568,1.0
1038231,2011814,3.0
1038231,2014595,2.0
1038231,2024070,1.0
1038231,2025420,5.0
1038231,2027569,7.0
1038231,2027923,3.0
1038231,2032557,2.0
1038231,2032579,1.0
1038231,2032927,1.0
1038231,2033164,4.0
1038231,2034213,1.0
1038231,2036355,2.0
1038231,2037366,3.0
1038231,2040239,46.0
1038231,2041774,5.0
1038231,2043341,3.0
1038231,2043462,1.0
1038231,2043482,2.0
1038231,2043505,3.0
1038231,2043731,1.0
1038231,2043749,1.0
1038231,2046091,4.0
1038231,6872130,11.0
1038231,2054114,2.0
1038231,2055655,1.0
1038231,2059685,4.0
1038231,206,1.0
1038231,2060452,2.0
1038231,2063875,2.0
1038231,2064137,2.0
1038231,2064636,5.0
1038231,2064672,1.0
1038231,207,1.0
1038231,2081714,8.0
1038231,2096281,1.0
1038231,2097799,4.0
1038231,2103908,9.0
1038231,2103910,1.0
1038231,2106741,3.0
1038231,2107956,5.0
1038231,2109978,1.0
1038231,2114466,1.0
1038231,2119072,2.0
1038231,2125128,1.0
1038231,2128209,4.0
1038231,2128237,1.0
1038231,2136597,1.0
1038231,2136788,38.0
1038231,2136803,34.0
1038231,2137269,8.0
1038231,2139275,4.0
1038231,2139395,31.0
1038231,2139427,339.0
1038231,2139439,1944.0
1038231,2142345,18.0
1038231,2145725,1.0
1038231,2147039,27.0
1038231,10279661,9.0
1038231,10279645,2.0
1038231,2154926,5.0
1038231,2171359,1.0
1038231,2172877,7.0
1038231,2178281,4.0
1038231,2178283,3.0
1038231,2187077,1.0
1038231,2187110,9.0
1038231,2187236,1.0
1038231,2281324,4.0
1038231,2600,1.0
1038231,2817,1.0
1038231,2884,1.0
1038231,3792,45.0
1038231,4019,3.0
1038231,4241,1.0
1038231,4267,1.0
1038231,46,1.0
1038231,5026,4.0
1038231,508,4.0
1038231,5494,13.0
1038231,5657,2.0
1038231,5662,1.0
1038231,6606567,9.0
1038231,6607967,1.0
1038231,6608515,1.0
1038231,6611492,1.0
1038231,6614119,1.0
1038231,6617623,173.0
1038231,6619336,1.0
1038231,6621492,19.0
1038231,6635674,1.0
1038231,6638357,435.0
1038231,6640084,2.0
1038231,6640251,3.0
1038231,6640253,3.0
1038231,6640258,3.0
1038231,6642570,2.0
1038231,6642745,4.0
1038231,6643593,2.0
1038231,6646837,7.0
1038231,6658924,2.0
1038231,6658990,6.0
1038231,6662520,3.0
1038231,6670183,3.0
1038231,6678908,1.0
1038231,6678913,1.0
1038231,6688104,3.0
1038231,6697279,8.0
1038231,6703748,257.0
1038231,6704275,16.0
1038231,6712641,1.0
1038231,6716462,533.0
1038231,6717253,486.0
1038231,6729267,6.0
1038231,6736663,11.0
1038231,6688078,11.0
1038231,6762499,1.0
1038231,6766416,2.0
1038231,6773208,2.0
1038231,6804849,6.0
1038231,6620040,11.0
1038231,6836321,14.0
1038231,6806410,4.0
1038231,6808600,9.0
1038231,6808622,3.0
1038231,6809881,4.0
1038231,6810674,14.0
1038231,6813839,3.0
1038231,6817718,9.0
1038231,6819997,26.0
1038231,6834474,500.0
1038231,6835429,2.0
1038231,6838467,240.0
1038231,6839911,59.0
1038231,6858282,16.0
1038231,6861654,13.0
1038231,6865285,15.0
1038231,6865321,5.0
1038231,6865351,2.0
1038231,6866491,3.0
1038231,6873211,1.0
1038231,6878889,2.0
1038231,6913591,5.0
1038231,6916486,1.0
1038231,6918870,9.0
1038231,6918875,22.0
1038231,6918880,67.0
1038231,6918885,1.0
1038231,6918954,12.0
1038231,6918957,1.0
1038231,6918961,28.0
1038231,6920944,122.0
1038231,6924044,13.0
1038231,6936635,103.0
1038231,6940664,1.0
1038231,6977528,41.0
1038231,6998718,6.0
1038231,7003306,28.0
1038231,7003309,1.0
1038231,7023568,26.0
1038231,785,31.0
1038231,9905192,8.0
1038231,9933864,1.0
1038231,9938128,12.0
1038231,9938383,3.0
1038231,9938468,14.0
1038231,9938869,1.0
1038231,9938880,1.0
1038231,9957029,13.0
1038231,9985542,1.0
1038231,9988490,1.0
1038231,9988502,1.0
1038231,9990301,27.0
1038231,9991812,53.0
1038231,9991824,25.0
1038231,9992707,12.0
1038231,9993924,5.0
1038231,9995683,1.0
1038232,1000010,31.0
1038232,1000024,159.0
1038232,1000031,34.0
1038232,1000138,2.0
1038232,1000156,50.0
1038232,1000183,12.0
1038232,1000184,182.0
1038232,1000196,2.0
1038232,1000251,3.0
1038232,1000292,32.0
1038232,1000435,1.0
1038232,1000445,19.0
1038232,1000481,1496.0
1038232,1000716,25.0
1038232,1000982,32.0
1038232,1001048,591.0
1038232,1001229,25.0
1038232,1001384,46.0
1038232,1001400,1.0
1038232,1001412,10.0
1038232,1001591,2.0
1038232,1002062,12.0
1038232,1002075,51.0
1038232,1002097,17.0
1038232,1002280,45.0
1038232,1002320,23.0
1038232,1002328,43.0
1038232,1002835,30.0
1038232,1003084,18.0
1038232,1003178,28.0
1038232,1003221,1.0
1038232,1003258,4.0
1038232,1003694,18.0
1038232,1003968,1.0
1038232,1004059,3.0
1038232,1004077,80.0
1038232,1004079,45.0
1038232,1004160,23.0
1038232,1004460,14.0
1038232,1004461,43.0
1038232,1004467,1.0
1038232,1005150,1.0
1038232,1005693,14.0
1038232,1006016,259.0
1038232,1006715,320.0
1038232,1006906,1.0
1038232,1007749,1.0
1038232,1008397,2.0
1038232,1009002,7.0
1038232,1009291,50.0
1038232,1011650,211.0
1038232,1015111,135.0
1038232,1016284,1.0
1038232,1016803,32.0
1038232,1017314,21.0
1038232,1018973,27.0
1038232,1022210,1.0
1038232,1022420,44.0
1038232,1022729,1.0
1038232,1024070,38.0
1038232,1024514,80.0
1038232,1027228,5.0
1038232,1027786,163.0
1038232,1028581,40.0
1038232,1035972,1.0
1038232,1036368,141.0
1038232,1043348,24.0
1038232,1065064,15.0
1038232,1068768,67.0
1038232,1076962,10.0
1038232,1085594,2.0
1038232,1093049,1.0
1038232,1114227,1.0
1038232,1161,22.0
1038232,1169699,1.0
1038232,1177,10.0
1038232,1183,20.0
1038232,1188041,5.0
1038232,1205,39.0
1038232,1224480,18.0
1038232,1231740,13.0
1038232,1233285,16.0
1038232,1233945,13.0
1038232,1234065,43.0
1038232,1239287,1.0
1038232,1239549,27.0
1038232,1240552,1.0
1038232,1241121,1116.0
1038232,1261239,2.0
1038232,1270,18.0
1038232,1274,83.0
1038232,1275996,20.0
1038232,1302234,124.0
1038232,1325784,1.0
1038232,1854,12.0
1038232,1864,12.0
1038232,2107025,2.0
1038232,2163796,33.0
1038232,2285003,1.0
1038232,2430,1.0
1038232,2439,17.0
1038232,2636,12.0
1038232,275,45.0
1038232,2823,29.0
1038232,3444,30.0
1038232,3656,20.0
1038232,4061,42.0
1038232,4163,1.0
1038232,4185,4.0
1038232,4241,17.0
1038232,4267,1.0
1038232,4295,48.0
1038232,4465,499.0
1038232,4468,52.0
1038232,4496,1.0
1038232,4567,80.0
1038232,5136,10.0
1038232,530,7.0
1038232,553,1.0
1038232,606,1.0
1038232,6632136,3.0
1038232,6640660,4.0
1038232,6642078,17.0
1038232,6694454,3.0
1038232,6699788,10.0
1038232,2003588,29.0
1038232,82,8.0
1038232,930,18.0
1038232,969,11.0
1038238,1000009,1.0
1038238,1000056,1.0
1038238,1000059,40.0
1038238,1000107,2.0
1038238,1000161,3.0
1038238,1000191,1.0
1038238,1000196,3.0
1038238,1000239,8.0
1038238,1000311,1.0
1038238,1000467,1.0
1038238,1000481,2.0
1038238,1000490,19.0
1038238,1000572,6.0
1038238,1000630,1.0
1038238,1000655,1.0
1038238,1000831,6.0
1038238,1000851,3.0
1038238,1001082,81.0
1038238,1001107,1.0
1038238,1001582,13.0
1038238,1002130,34.0
1038238,1002421,1.0
1038238,1002441,1.0
1038238,1002979,29.0
1038238,1003029,3.0
1038238,1003030,1.0
1038238,1003443,28.0
1038238,1003950,1.0
1038238,1003968,8.0
1038238,1004079,1.0
1038238,1004113,27.0
1038238,1004161,7.0
1038238,1004162,1.0
1038238,1004226,5.0
1038238,1004256,1.0
1038238,1004465,2.0
1038238,1004484,1.0
1038238,1005615,1.0
1038238,1005754,165.0
1038238,1005839,2.0
1038238,1005975,2.0
1038238,1006715,3.0
1038238,1006835,2.0
1038238,1007343,1.0
1038238,1007611,1.0
1038238,1007749,1.0
1038238,1009136,2.0
1038238,1009291,1.0
1038238,1011016,8.0
1038238,1011044,5.0
1038238,1011083,58.0
1038238,1011262,2.0
1038238,1011299,2.0
1038238,1011941,1.0
1038238,1012181,18.0
1038238,1012532,1.0
1038238,1012595,2.0
1038238,1012703,1.0
1038238,1013151,2.0
1038238,1013888,1.0
1038238,1014460,1.0
1038238,1014504,127.0
1038238,1014553,38.0
1038238,1014797,9.0
1038238,1015062,2.0
1038238,1015111,188.0
1038238,1015292,70.0
1038238,1015539,4.0
1038238,1015790,1.0
1038238,1016009,1.0
1038238,1016029,44.0
1038238,1016040,10.0
1038238,1016078,1.0
1038238,1016082,11.0
1038238,1016114,2.0
1038238,1016335,15.0
1038238,1016575,4.0
1038238,1017769,14.0
1038238,1017897,3.0
1038238,1017925,3.0
1038238,1018008,1.0
1038238,1018807,7.0
1038238,1018960,6.0
1038238,1019646,1.0
1038238,1020523,11.0
1038238,1020719,4.0
1038238,1020736,2.0
1038238,1020851,1.0
1038238,1021258,1.0
1038238,1021601,1.0
1038238,1021716,18.0
1038238,1021868,12.0
1038238,1021960,1.0
1038238,1022216,3.0
1038238,1023944,1.0
1038238,1024142,1.0
1038238,1024388,2.0
1038238,1026519,4.0
1038238,1027028,1.0
1038238,1027072,6.0
1038238,1028180,9.0
1038238,1028270,2.0
1038238,1028479,1.0
1038238,1028483,1.0
1038238,1028584,10.0
1038238,1028906,12.0
1038238,1029627,2.0
1038238,1030505,4.0
1038238,1031866,2.0
1038238,1033173,1.0
1038238,1033929,2.0
1038238,1034635,2.0
1038238,1036491,1.0
1038238,1037073,1.0
1038238,1037779,1.0
1038238,1037789,3.0
1038238,1038906,9.0
1038238,1041532,11.0
1038238,1042011,2.0
1038238,1042806,1.0
1038238,10434713,17.0
1038238,1043772,1.0
1038238,1045633,2.0
1038238,1045652,1.0
1038238,1047587,1.0
1038238,1050021,1.0
1038238,1050413,1.0
1038238,1050450,9.0
1038238,1051571,36.0
1038238,1053901,1.0
1038238,1054538,17.0
1038238,1054745,1.0
1038238,1056324,1.0
1038238,1056615,1.0
1038238,10577105,1.0
1038238,1060256,1.0
1038238,1060847,5.0
1038238,1060870,1.0
1038238,1060896,26.0
1038238,1063167,1.0
1038238,1063916,1.0
1038238,1064002,1.0
1038238,1067180,3.0
1038238,1067467,1.0
1038238,1068408,18.0
1038238,1069147,1.0
1038238,1069180,1.0
1038238,1069956,1.0
1038238,10743840,1.0
1038238,1074465,4.0
1038238,1077669,17.0
1038238,1078111,2.0
1038238,1079519,1.0
1038238,1080159,5.0
1038238,1080324,2.0
1038238,1083242,1.0
1038238,1083281,1.0
1038238,1087555,1.0
1038238,1088408,1.0
1038238,1088662,5.0
1038238,1090711,1.0
1038238,1092717,102.0
1038238,1096078,1.0
1038238,1099465,1.0
1038238,1009000,1.0
1038238,1103327,3.0
1038238,1109402,1.0
1038238,1112778,1.0
1038238,1113182,1.0
1038238,1137956,1.0
1038238,1138376,40.0
1038238,1145510,4.0
1038238,1145612,1.0
1038238,2040026,6.0
1038238,1163336,1.0
1038238,1172875,1.0
1038238,1180749,1.0
1038238,1182465,1.0
1038238,1183380,1.0
1038238,1186072,2.0
1038238,1192487,1.0
1038238,1196887,1.0
1038238,1203496,6.0
1038238,1204193,1.0
1038238,1204222,33.0
1038238,1207,2.0
1038238,1207700,2.0
1038238,1211321,1.0
1038238,1216284,18.0
1038238,1224488,1.0
1038238,1227831,3.0
1038238,1234278,8.0
1038238,1235066,3.0
1038238,1245341,1.0
1038238,1245440,11.0
1038238,1245710,5.0
1038238,1246107,1.0
1038238,1248465,2.0
1038238,1250071,4.0
1038238,1250362,1.0
1038238,1258568,11.0
1038238,1259224,2.0
1038238,1260584,1.0
1038238,1260811,1.0
1038238,1261367,2.0
1038238,1269434,36.0
1038238,1269906,22.0
1038238,1271243,1.0
1038238,1276458,4.0
1038238,1276567,1.0
1038238,1280764,8.0
1038238,1281492,1.0
1038238,1281833,55.0
1038238,1282382,7.0
1038238,1286161,7.0
1038238,1295231,5.0
1038238,1300642,1.0
1038238,1302165,16.0
1038238,1310573,29.0
1038238,1311444,1.0
1038238,1313582,6.0
1038238,1315491,1.0
1038238,1340254,1.0
1038238,1348749,2.0
1038238,1551,1.0
1038238,1854,3.0
1038238,2021562,1.0
1038238,2021813,1.0
1038238,2024732,1.0
1038238,2028876,1.0
1038238,2035952,1.0
1038238,2040026,1.0
1038238,2060496,1.0
1038238,2086679,1.0
1038238,2088418,1.0
1038238,2092852,1.0
1038238,2111535,1.0
1038238,2112153,1.0
1038238,2146166,3.0
1038238,2149331,11.0
1038238,2152,93.0
1038238,2157872,4.0
1038238,2166134,19.0
1038238,1325398,1.0
1038238,2168955,8.0
1038238,2169742,1.0
1038238,2178376,1.0
1038238,2178432,1.0
1038238,2285811,1.0
1038238,2814,1.0
1038238,297,2.0
1038238,316,1.0
1038238,4021,1.0
1038238,4209,22.0
1038238,4481,6.0
1038238,5409,145.0
1038238,5618,6.0
1038238,5630,2.0
1038238,5641,1.0
1038238,5659,4.0
1038238,5661,230.0
1038238,5717,19.0
1038238,600,1.0
1038238,602,2.0
1038238,6606055,1.0
1038238,6614986,3.0
1038238,6620857,1.0
1038238,6664635,1.0
1038238,6689817,1.0
1038238,6714562,1.0
1038238,6752771,2.0
1038238,6765608,1.0
1038238,6814719,1.0
1038238,6821944,1.0
1038238,6892348,1.0
1038238,6982717,1.0
1038238,718,1.0
1038238,78,1.0
1038238,9973599,1.0
1038240,1000009,1.0
1038240,1000024,1.0
1038240,1000041,1.0
1038240,1000052,1.0
1038240,1000062,83.0
1038240,1000112,79.0
1038240,1000114,48.0
1038240,1000127,113.0
1038240,1000201,2.0
1038240,1000319,1.0
1038240,1000320,1.0
1038240,1000324,1.0
1038240,1000340,275.0
1038240,1000416,23.0
1038240,1000421,2.0
1038240,1000431,1.0
1038240,1000487,1.0
1038240,1000557,14.0
1038240,1000567,1.0
1038240,1000569,490.0
1038240,1000570,624.0
1038240,1000631,1.0
1038240,1000681,67.0
1038240,1000737,2.0
1038240,1000848,1.0
1038240,1000854,69.0
1038240,1000952,87.0
1038240,1001021,63.0
1038240,1001027,1.0
1038240,1001080,1.0
1038240,1001095,3.0
1038240,1001098,1.0
1038240,1001115,18.0
1038240,1001141,1.0
1038240,1001156,6.0
1038240,1001350,1.0
1038240,1001369,61.0
1038240,1001412,1.0
1038240,1001413,9.0
1038240,1001440,6.0
1038240,1001516,71.0
1038240,1001523,1.0
1038240,1001530,1.0
1038240,1001534,119.0
1038240,1001582,2.0
1038240,1001646,303.0
1038240,1001681,9.0
1038240,1001779,626.0
1038240,1001828,3.0
1038240,1001859,2.0
1038240,1001876,52.0
1038240,1001884,3.0
1038240,1001891,2.0
1038240,1001909,128.0
1038240,1001935,13.0
1038240,1002125,1.0
1038240,1002393,3.0
1038240,1002398,1.0
1038240,1002544,10.0
1038240,1002549,1.0
1038240,1002581,2.0
1038240,1002615,2.0
1038240,1002742,1.0
1038240,1002791,4.0
1038240,1003312,5.0
1038240,1003430,1.0
1038240,1003496,3.0
1038240,1003568,3.0
1038240,1003595,2.0
1038240,1003681,162.0
1038240,1003686,11.0
1038240,1003928,34.0
1038240,1004055,1.0
1038240,1004087,60.0
1038240,1004317,1.0
1038240,1004342,12.0
1038240,1004347,1.0
1038240,1004360,2.0
1038240,1004536,29.0
1038240,1004569,4.0
1038240,1005110,1.0
1038240,1005479,1.0
1038240,1006193,44.0
1038240,1006607,1.0
1038240,1006616,28.0
1038240,1006659,1.0
1038240,1007307,2.0
1038240,1007491,22.0
1038240,1007543,2.0
1038240,1007569,21.0
1038240,1007700,1.0
1038240,1008457,46.0
1038240,1008689,33.0
1038240,1008778,3.0
1038240,1008984,4.0
1038240,1009031,1.0
1038240,1009321,5.0
1038240,1009400,4.0
1038240,1009999,91.0
1038240,1010100,1.0
1038240,1010739,181.0
1038240,1010814,2.0
1038240,1010953,1.0
1038240,1010982,53.0
1038240,10111242,4.0
1038240,1012077,17.0
1038240,1012167,163.0
1038240,1012963,17.0
1038240,1013151,1.0
1038240,1013167,1.0
1038240,1013371,1.0
1038240,1014214,42.0
1038240,1014421,140.0
1038240,1014531,10.0
1038240,1014877,7.0
1038240,1015157,58.0
1038240,1015237,12.0
1038240,1015380,4.0
1038240,1015448,8.0
1038240,1016575,17.0
1038240,1017278,2.0
1038240,1018144,76.0
1038240,1020385,2.0
1038240,1023398,89.0
1038240,1024577,2.0
1038240,1027815,2.0
1038240,10284227,12.0
1038240,1029094,3.0
1038240,1029908,37.0
1038240,1030103,13.0
1038240,1031355,1.0
1038240,1031890,36.0
1038240,1032514,4.0
1038240,1032590,2.0
1038240,1034635,1.0
1038240,1035309,1.0
1038240,1035615,2.0
1038240,1038170,414.0
1038240,1040356,188.0
1038240,1009552,2.0
1038240,1041936,30.0
1038240,1042305,1.0
1038240,1045740,13.0
1038240,1046293,5.0
1038240,1046450,32.0
1038240,1049938,2.0
1038240,1051282,1.0
1038240,1052332,128.0
1038240,1053337,4.0
1038240,1054729,3.0
1038240,1056259,45.0
1038240,1056574,1.0
1038240,1057501,16.0
1038240,1058030,1.0
1038240,1058402,1.0
1038240,1058521,1.0
1038240,1058939,1.0
1038240,1058993,20.0
1038240,1061806,8.0
1038240,1062730,4.0
1038240,1063921,1.0
1038240,1066083,30.0
1038240,1069926,1.0
1038240,1071534,13.0
1038240,1071877,1.0
1038240,1073212,1.0
1038240,1073249,4.0
1038240,1073948,15.0
1038240,1074765,7.0
1038240,1075432,34.0
1038240,1075752,6.0
1038240,1078620,147.0
1038240,1082159,1.0
1038240,1082165,22.0
1038240,1082309,1.0
1038240,1085496,1.0
1038240,1086517,24.0
1038240,1088394,1.0
1038240,1088753,6.0
1038240,1090237,1.0
1038240,1092815,148.0
1038240,1095940,4.0
1038240,1098914,22.0
1038240,1099136,1.0
1038240,1099279,2.0
1038240,1099404,89.0
1038240,1100,2.0
1038240,1101,2.0
1038240,1111,1.0
1038240,1117217,4.0
1038240,1124858,44.0
1038240,1126706,2.0
1038240,1128229,4.0
1038240,1129634,12.0
1038240,1130718,5.0
1038240,1131846,76.0
1038240,1133048,1.0
1038240,1134377,4.0
1038240,1137792,26.0
1038240,1145982,1.0
1038240,1147376,1.0
1038240,1152121,1.0
1038240,1164928,1.0
1038240,1165287,1.0
1038240,1171041,1.0
1038240,1178226,22.0
1038240,1182660,51.0
1038240,1192,2.0
1038240,1192262,7.0
1038240,1192321,1.0
1038240,1194379,19.0
1038240,1198316,14.0
1038240,1199817,1.0
1038240,1200,262.0
1038240,1205,1.0
1038240,1209074,1.0
1038240,121,143.0
1038240,1215151,123.0
1038240,1228230,5.0
1038240,1231740,46.0
1038240,1233310,70.0
1038240,1234259,1.0
1038240,1234278,5.0
1038240,1234709,2.0
1038240,1235066,1.0
1038240,1236878,17.0
1038240,1238511,118.0
1038240,1239888,2.0
1038240,1241136,7.0
1038240,1241757,3.0
1038240,1242065,68.0
1038240,1245181,4.0
1038240,1247802,65.0
1038240,1248108,92.0
1038240,1248276,1.0
1038240,1248294,4.0
1038240,1250016,2.0
1038240,1253373,43.0
1038240,1253869,1.0
1038240,1254672,121.0
1038240,1255262,53.0
1038240,1255483,3.0
1038240,1257924,1.0
1038240,1259,12.0
1038240,1259361,1.0
1038240,1262940,30.0
1038240,1263605,55.0
1038240,1264363,14.0
1038240,1264369,3.0
1038240,1264383,1.0
1038240,1264385,25.0
1038240,1264397,1.0
1038240,1265834,24.0
1038240,1267054,2.0
1038240,1268080,12.0
1038240,1268412,1.0
1038240,1268522,139.0
1038240,1270814,1.0
1038240,1273852,1.0
1038240,1274374,5.0
1038240,1278093,52.0
1038240,1280161,2.0
1038240,1280338,1.0
1038240,1280485,1.0
1038240,1280490,3.0
1038240,1280492,79.0
1038240,1280495,1.0
1038240,1280498,2.0
1038240,1289,41.0
1038240,1295318,2.0
1038240,1296542,144.0
1038240,1298360,21.0
1038240,1298659,52.0
1038240,1299291,6.0
1038240,1299437,3.0
1038240,1301126,42.0
1038240,1301564,1.0
1038240,1301753,14.0
1038240,1301785,1.0
1038240,1302205,1.0
1038240,1305,6.0
1038240,1305455,26.0
1038240,1306807,1.0
1038240,1306977,3.0
1038240,1307,118.0
1038240,1307792,4.0
1038240,1309458,5.0
1038240,1312906,76.0
1038240,1313634,1.0
1038240,1316172,3.0
1038240,1316188,10.0
1038240,1317667,2.0
1038240,1319054,41.0
1038240,1322779,1.0
1038240,1323712,29.0
1038240,1331670,5.0
1038240,1335917,1.0
1038240,1338571,311.0
1038240,1341004,1.0
1038240,1345838,2.0
1038240,1349663,22.0
1038240,1411,253.0
1038240,1750,174.0
1038240,176,40.0
1038240,18,7.0
1038240,1825,1.0
1038240,1844,94.0
1038240,1863,2.0
1038240,189,18.0
1038240,1890,2.0
1038240,191,3.0
1038240,2013562,3.0
1038240,2017886,1.0
1038240,2018773,2.0
1038240,1029908,2.0
1038240,2026125,3.0
1038240,2026958,2.0
1038240,2028496,4.0
1038240,2030411,37.0
1038240,2045627,2.0
1038240,2051463,4.0
1038240,2056304,1.0
1038240,2060669,1.0
1038240,2067380,1.0
1038240,2068212,1.0
1038240,2071494,1.0
1038240,2080380,13.0
1038240,2074563,2.0
1038240,2100874,1.0
1038240,2102742,2.0
1038240,2102774,2.0
1038240,2102897,1.0
1038240,2107335,4.0
1038240,2107508,1.0
1038240,2108590,1.0
1038240,2117327,1.0
1038240,2127235,1.0
1038240,2128748,1.0
1038240,2129120,3.0
1038240,2131971,14.0
1038240,2132,103.0
1038240,2141752,7.0
1038240,2164454,1.0
1038240,217,22.0
1038240,2176614,2.0
1038240,2178997,1.0
1038240,2179154,1.0
1038240,2185831,1.0
1038240,2186114,1.0
1038240,223,24.0
1038240,2283340,2.0
1038240,2287850,1.0
1038240,2287994,1.0
1038240,2291342,1.0
1038240,2292710,1.0
1038240,234,32.0
1038240,2712,29.0
1038240,2771,4.0
1038240,316,1.0
1038240,3327,29.0
1038240,3656,2.0
1038240,377,14.0
1038240,386,98.0
1038240,3876,5.0
1038240,4061,3.0
1038240,4100,3.0
1038240,4156,16.0
1038240,4241,20.0
1038240,4267,89.0
1038240,4468,191.0
1038240,4471,14.0
1038240,4481,287.0
1038240,4488,1.0
1038240,449,4.0
1038240,4605,1.0
1038240,4622,1.0
1038240,4623,3.0
1038240,4951,5.0
1038240,5128,4.0
1038240,514,1.0
1038240,532,1.0
1038240,5409,112.0
1038240,5477,2.0
1038240,5503,4.0
1038240,5573,1.0
1038240,5606,4.0
1038240,5661,87.0
1038240,5668,1.0
1038240,5676,1.0
1038240,5692,1.0
1038240,57,33.0
1038240,5705,96.0
1038240,5706,48.0
1038240,5717,210.0
1038240,5734,1.0
